
============================================================
TIMESTAMP: 2026-02-04 17:03:22.509654
Input df shape: (5069, 74)
Date range: (None, None)
Selected clients: []
After copy: (5069, 74)
Date column type: datetime64[ns]
Non-null dates: 0
Min date: NaT
Max date: NaT
Date filter range: None to None
Data date range: NaT to NaT
WARNING: Dates are NaT, skipping date filter
No client filter applied (showing all clients)
Final filtered shape: (5069, 74)
============================================================

============================================================
TIMESTAMP: 2026-02-04 17:03:22.691692
Input df shape: (5069, 74)
Date range: (None, None)
Selected clients: []
After copy: (5069, 74)
Date column type: datetime64[ns]
Non-null dates: 0
Min date: NaT
Max date: NaT
Date filter range: None to None
Data date range: NaT to NaT
WARNING: Dates are NaT, skipping date filter
No client filter applied (showing all clients)
Final filtered shape: (5069, 74)
============================================================

============================================================
TIMESTAMP: 2026-02-04 17:03:22.788908
Input df shape: (5069, 74)
Date range: (None, None)
Selected clients: []
After copy: (5069, 74)
Date column type: datetime64[ns]
Non-null dates: 0
Min date: NaT
Max date: NaT
Date filter range: None to None
Data date range: NaT to NaT
WARNING: Dates are NaT, skipping date filter
No client filter applied (showing all clients)
Final filtered shape: (5069, 74)
============================================================

============================================================
TIMESTAMP: 2026-02-04 17:03:22.845680
Input df shape: (5069, 74)
Date range: (None, None)
Selected clients: []
After copy: (5069, 74)
Date column type: datetime64[ns]
Non-null dates: 0
Min date: NaT
Max date: NaT
Date filter range: None to None
Data date range: NaT to NaT
WARNING: Dates are NaT, skipping date filter
No client filter applied (showing all clients)
Final filtered shape: (5069, 74)
============================================================

============================================================
TIMESTAMP: 2026-02-04 17:03:22.987153
Input df shape: (5069, 74)
Date range: (None, None)
Selected clients: []
After copy: (5069, 74)
Date column type: datetime64[ns]
Non-null dates: 0
Min date: NaT
Max date: NaT
Date filter range: None to None
Data date range: NaT to NaT
WARNING: Dates are NaT, skipping date filter
No client filter applied (showing all clients)
Final filtered shape: (5069, 74)
============================================================

============================================================
TIMESTAMP: 2026-02-04 17:12:11.688247
Input df shape: (66716, 109)
Date range: (datetime.date(2025, 1, 4), datetime.date(2026, 12, 1))
Selected clients: []
After copy: (66716, 109)
Date column type: datetime64[ns]
Non-null dates: 33179
Min date: 2025-01-04 00:00:00
Max date: 2026-12-01 00:00:00
Date filter range: 2025-01-04 to 2026-12-01
Data date range: 2025-01-04 00:00:00 to 2026-12-01 00:00:00
After date filter: 33179 rows (removed 33537)
No client filter applied (showing all clients)
Final filtered shape: (33179, 109)
============================================================

============================================================
TIMESTAMP: 2026-02-04 17:12:15.015505
Input df shape: (66716, 109)
Date range: (datetime.date(2025, 1, 4), datetime.date(2026, 12, 1))
Selected clients: []
After copy: (66716, 109)
Date column type: datetime64[ns]
Non-null dates: 33179
Min date: 2025-01-04 00:00:00
Max date: 2026-12-01 00:00:00
Date filter range: 2025-01-04 to 2026-12-01
Data date range: 2025-01-04 00:00:00 to 2026-12-01 00:00:00
After date filter: 33179 rows (removed 33537)
No client filter applied (showing all clients)
Final filtered shape: (33179, 109)
============================================================

============================================================
TIMESTAMP: 2026-02-04 17:12:15.400502
Input df shape: (66716, 109)
Date range: (datetime.date(2025, 1, 4), datetime.date(2026, 12, 1))
Selected clients: []
After copy: (66716, 109)
Date column type: datetime64[ns]
Non-null dates: 33179
Min date: 2025-01-04 00:00:00
Max date: 2026-12-01 00:00:00
Date filter range: 2025-01-04 to 2026-12-01
Data date range: 2025-01-04 00:00:00 to 2026-12-01 00:00:00
After date filter: 33179 rows (removed 33537)
No client filter applied (showing all clients)
Final filtered shape: (33179, 109)
============================================================

============================================================
TIMESTAMP: 2026-02-04 17:12:15.821517
Input df shape: (66716, 109)
Date range: (datetime.date(2025, 1, 4), datetime.date(2026, 12, 1))
Selected clients: []
After copy: (66716, 109)
Date column type: datetime64[ns]
Non-null dates: 33179
Min date: 2025-01-04 00:00:00
Max date: 2026-12-01 00:00:00
Date filter range: 2025-01-04 to 2026-12-01
Data date range: 2025-01-04 00:00:00 to 2026-12-01 00:00:00
After date filter: 33179 rows (removed 33537)
No client filter applied (showing all clients)
Final filtered shape: (33179, 109)
============================================================

============================================================
TIMESTAMP: 2026-02-04 17:12:16.487852
Input df shape: (66716, 109)
Date range: (datetime.date(2025, 1, 4), datetime.date(2026, 12, 1))
Selected clients: []
After copy: (66716, 109)
Date column type: datetime64[ns]
Non-null dates: 33179
Min date: 2025-01-04 00:00:00
Max date: 2026-12-01 00:00:00
Date filter range: 2025-01-04 to 2026-12-01
Data date range: 2025-01-04 00:00:00 to 2026-12-01 00:00:00
After date filter: 33179 rows (removed 33537)
No client filter applied (showing all clients)
Final filtered shape: (33179, 109)
============================================================

============================================================
TIMESTAMP: 2026-02-04 17:15:33.823952
Input df shape: (66716, 109)
Date range: (datetime.date(2025, 1, 4), datetime.date(2026, 12, 1))
Selected clients: []
After copy: (66716, 109)
Date column type: datetime64[ns]
Non-null dates: 33179
Min date: 2025-01-04 00:00:00
Max date: 2026-12-01 00:00:00
Date filter range: 2025-01-04 to 2026-12-01
Data date range: 2025-01-04 00:00:00 to 2026-12-01 00:00:00
After date filter: 33179 rows (removed 33537)
No client filter applied (showing all clients)
Final filtered shape: (33179, 109)
============================================================

============================================================
TIMESTAMP: 2026-02-04 17:15:36.349001
Input df shape: (66716, 109)
Date range: (datetime.date(2025, 1, 4), datetime.date(2026, 12, 1))
Selected clients: []
After copy: (66716, 109)
Date column type: datetime64[ns]
Non-null dates: 33179
Min date: 2025-01-04 00:00:00
Max date: 2026-12-01 00:00:00
Date filter range: 2025-01-04 to 2026-12-01
Data date range: 2025-01-04 00:00:00 to 2026-12-01 00:00:00
After date filter: 33179 rows (removed 33537)
No client filter applied (showing all clients)
Final filtered shape: (33179, 109)
============================================================

============================================================
TIMESTAMP: 2026-02-04 17:15:36.705127
Input df shape: (66716, 109)
Date range: (datetime.date(2025, 1, 4), datetime.date(2026, 12, 1))
Selected clients: []
After copy: (66716, 109)
Date column type: datetime64[ns]
Non-null dates: 33179
Min date: 2025-01-04 00:00:00
Max date: 2026-12-01 00:00:00
Date filter range: 2025-01-04 to 2026-12-01
Data date range: 2025-01-04 00:00:00 to 2026-12-01 00:00:00
After date filter: 33179 rows (removed 33537)
No client filter applied (showing all clients)
Final filtered shape: (33179, 109)
============================================================

============================================================
TIMESTAMP: 2026-02-04 17:15:37.068074
Input df shape: (66716, 109)
Date range: (datetime.date(2025, 1, 4), datetime.date(2026, 12, 1))
Selected clients: []
After copy: (66716, 109)
Date column type: datetime64[ns]
Non-null dates: 33179
Min date: 2025-01-04 00:00:00
Max date: 2026-12-01 00:00:00
Date filter range: 2025-01-04 to 2026-12-01
Data date range: 2025-01-04 00:00:00 to 2026-12-01 00:00:00
After date filter: 33179 rows (removed 33537)
No client filter applied (showing all clients)
Final filtered shape: (33179, 109)
============================================================

============================================================
TIMESTAMP: 2026-02-04 17:15:37.454281
Input df shape: (66716, 109)
Date range: (datetime.date(2025, 1, 4), datetime.date(2026, 12, 1))
Selected clients: []
After copy: (66716, 109)
Date column type: datetime64[ns]
Non-null dates: 33179
Min date: 2025-01-04 00:00:00
Max date: 2026-12-01 00:00:00
Date filter range: 2025-01-04 to 2026-12-01
Data date range: 2025-01-04 00:00:00 to 2026-12-01 00:00:00
After date filter: 33179 rows (removed 33537)
No client filter applied (showing all clients)
Final filtered shape: (33179, 109)
============================================================

============================================================
TIMESTAMP: 2026-02-04 17:17:09.802107
Input df shape: (66716, 109)
Date range: (datetime.date(2025, 1, 4), datetime.date(2026, 12, 1))
Selected clients: []
After copy: (66716, 109)
Date column type: datetime64[ns]
Non-null dates: 33179
Min date: 2025-01-04 00:00:00
Max date: 2026-12-01 00:00:00
Date filter range: 2025-01-04 to 2026-12-01
Data date range: 2025-01-04 00:00:00 to 2026-12-01 00:00:00
After date filter: 33179 rows (removed 33537)
No client filter applied (showing all clients)
Final filtered shape: (33179, 109)
============================================================

============================================================
TIMESTAMP: 2026-02-04 17:17:12.769724
Input df shape: (66716, 109)
Date range: (datetime.date(2025, 1, 4), datetime.date(2026, 12, 1))
Selected clients: []
After copy: (66716, 109)
Date column type: datetime64[ns]
Non-null dates: 33179
Min date: 2025-01-04 00:00:00
Max date: 2026-12-01 00:00:00
Date filter range: 2025-01-04 to 2026-12-01
Data date range: 2025-01-04 00:00:00 to 2026-12-01 00:00:00
After date filter: 33179 rows (removed 33537)
No client filter applied (showing all clients)
Final filtered shape: (33179, 109)
============================================================

============================================================
TIMESTAMP: 2026-02-04 17:17:13.301995
Input df shape: (66716, 109)
Date range: (datetime.date(2025, 1, 4), datetime.date(2026, 12, 1))
Selected clients: []
After copy: (66716, 109)
Date column type: datetime64[ns]
Non-null dates: 33179
Min date: 2025-01-04 00:00:00
Max date: 2026-12-01 00:00:00
Date filter range: 2025-01-04 to 2026-12-01
Data date range: 2025-01-04 00:00:00 to 2026-12-01 00:00:00
After date filter: 33179 rows (removed 33537)
No client filter applied (showing all clients)
Final filtered shape: (33179, 109)
============================================================

============================================================
TIMESTAMP: 2026-02-04 17:17:13.903273
Input df shape: (66716, 109)
Date range: (datetime.date(2025, 1, 4), datetime.date(2026, 12, 1))
Selected clients: []
After copy: (66716, 109)
Date column type: datetime64[ns]
Non-null dates: 33179
Min date: 2025-01-04 00:00:00
Max date: 2026-12-01 00:00:00
Date filter range: 2025-01-04 to 2026-12-01
Data date range: 2025-01-04 00:00:00 to 2026-12-01 00:00:00
After date filter: 33179 rows (removed 33537)
No client filter applied (showing all clients)
Final filtered shape: (33179, 109)
============================================================

============================================================
TIMESTAMP: 2026-02-04 17:17:14.309429
Input df shape: (66716, 109)
Date range: (datetime.date(2025, 1, 4), datetime.date(2026, 12, 1))
Selected clients: []
After copy: (66716, 109)
Date column type: datetime64[ns]
Non-null dates: 33179
Min date: 2025-01-04 00:00:00
Max date: 2026-12-01 00:00:00
Date filter range: 2025-01-04 to 2026-12-01
Data date range: 2025-01-04 00:00:00 to 2026-12-01 00:00:00
After date filter: 33179 rows (removed 33537)
No client filter applied (showing all clients)
Final filtered shape: (33179, 109)
============================================================

============================================================
TIMESTAMP: 2026-02-04 17:17:40.525204
Input df shape: (66716, 109)
Date range: (datetime.date(2025, 1, 4), datetime.date(2026, 12, 1))
Selected clients: []
After copy: (66716, 109)
Date column type: datetime64[ns]
Non-null dates: 33179
Min date: 2025-01-04 00:00:00
Max date: 2026-12-01 00:00:00
Date filter range: 2025-01-04 to 2026-12-01
Data date range: 2025-01-04 00:00:00 to 2026-12-01 00:00:00
After date filter: 33179 rows (removed 33537)
No client filter applied (showing all clients)
Final filtered shape: (33179, 109)
============================================================

============================================================
TIMESTAMP: 2026-02-04 17:17:56.996897
Input df shape: (66716, 109)
Date range: (datetime.date(2025, 1, 4), datetime.date(2026, 12, 1))
Selected clients: []
After copy: (66716, 109)
Date column type: datetime64[ns]
Non-null dates: 33179
Min date: 2025-01-04 00:00:00
Max date: 2026-12-01 00:00:00
Date filter range: 2025-01-04 to 2026-12-01
Data date range: 2025-01-04 00:00:00 to 2026-12-01 00:00:00
After date filter: 33179 rows (removed 33537)
No client filter applied (showing all clients)
Final filtered shape: (33179, 109)
============================================================

============================================================
TIMESTAMP: 2026-02-04 17:18:08.365546
Input df shape: (5069, 74)
Date range: (None, None)
Selected clients: []
After copy: (5069, 74)
Date column type: datetime64[ns]
Non-null dates: 0
Min date: NaT
Max date: NaT
Date filter range: None to None
Data date range: NaT to NaT
WARNING: Dates are NaT, skipping date filter
No client filter applied (showing all clients)
Final filtered shape: (5069, 74)
============================================================

============================================================
TIMESTAMP: 2026-02-04 17:18:09.054363
Input df shape: (5069, 74)
Date range: (None, None)
Selected clients: []
After copy: (5069, 74)
Date column type: datetime64[ns]
Non-null dates: 0
Min date: NaT
Max date: NaT
Date filter range: None to None
Data date range: NaT to NaT
WARNING: Dates are NaT, skipping date filter
No client filter applied (showing all clients)
Final filtered shape: (5069, 74)
============================================================

============================================================
TIMESTAMP: 2026-02-04 17:18:09.285140
Input df shape: (5069, 74)
Date range: (None, None)
Selected clients: []
After copy: (5069, 74)
Date column type: datetime64[ns]
Non-null dates: 0
Min date: NaT
Max date: NaT
Date filter range: None to None
Data date range: NaT to NaT
WARNING: Dates are NaT, skipping date filter
No client filter applied (showing all clients)
Final filtered shape: (5069, 74)
============================================================

============================================================
TIMESTAMP: 2026-02-04 17:18:09.697951
Input df shape: (5069, 74)
Date range: (None, None)
Selected clients: []
After copy: (5069, 74)
Date column type: datetime64[ns]
Non-null dates: 0
Min date: NaT
Max date: NaT
Date filter range: None to None
Data date range: NaT to NaT
WARNING: Dates are NaT, skipping date filter
No client filter applied (showing all clients)
Final filtered shape: (5069, 74)
============================================================

============================================================
TIMESTAMP: 2026-02-04 17:18:10.102568
Input df shape: (5069, 74)
Date range: (None, None)
Selected clients: []
After copy: (5069, 74)
Date column type: datetime64[ns]
Non-null dates: 0
Min date: NaT
Max date: NaT
Date filter range: None to None
Data date range: NaT to NaT
WARNING: Dates are NaT, skipping date filter
No client filter applied (showing all clients)
Final filtered shape: (5069, 74)
============================================================

============================================================
TIMESTAMP: 2026-02-04 17:18:44.443839
Input df shape: (5069, 74)
Date range: (None, None)
Selected clients: []
After copy: (5069, 74)
Date column type: datetime64[ns]
Non-null dates: 0
Min date: NaT
Max date: NaT
Date filter range: None to None
Data date range: NaT to NaT
WARNING: Dates are NaT, skipping date filter
No client filter applied (showing all clients)
Final filtered shape: (5069, 74)
============================================================

============================================================
TIMESTAMP: 2026-02-04 17:18:44.593371
Input df shape: (5069, 74)
Date range: (None, None)
Selected clients: []
After copy: (5069, 74)
Date column type: datetime64[ns]
Non-null dates: 0
Min date: NaT
Max date: NaT
Date filter range: None to None
Data date range: NaT to NaT
WARNING: Dates are NaT, skipping date filter
No client filter applied (showing all clients)
Final filtered shape: (5069, 74)
============================================================

============================================================
TIMESTAMP: 2026-02-04 17:18:44.638919
Input df shape: (5069, 74)
Date range: (None, None)
Selected clients: []
After copy: (5069, 74)
Date column type: datetime64[ns]
Non-null dates: 0
Min date: NaT
Max date: NaT
Date filter range: None to None
Data date range: NaT to NaT
WARNING: Dates are NaT, skipping date filter
No client filter applied (showing all clients)
Final filtered shape: (5069, 74)
============================================================

============================================================
TIMESTAMP: 2026-02-04 17:18:44.712195
Input df shape: (5069, 74)
Date range: (None, None)
Selected clients: []
After copy: (5069, 74)
Date column type: datetime64[ns]
Non-null dates: 0
Min date: NaT
Max date: NaT
Date filter range: None to None
Data date range: NaT to NaT
WARNING: Dates are NaT, skipping date filter
No client filter applied (showing all clients)
Final filtered shape: (5069, 74)
============================================================

============================================================
TIMESTAMP: 2026-02-04 17:18:44.790855
Input df shape: (5069, 74)
Date range: (None, None)
Selected clients: []
After copy: (5069, 74)
Date column type: datetime64[ns]
Non-null dates: 0
Min date: NaT
Max date: NaT
Date filter range: None to None
Data date range: NaT to NaT
WARNING: Dates are NaT, skipping date filter
No client filter applied (showing all clients)
Final filtered shape: (5069, 74)
============================================================

============================================================
TIMESTAMP: 2026-02-04 17:19:10.501151
Input df shape: (5069, 74)
Date range: (None, None)
Selected clients: []
After copy: (5069, 74)
Date column type: datetime64[ns]
Non-null dates: 0
Min date: NaT
Max date: NaT
Date filter range: None to None
Data date range: NaT to NaT
WARNING: Dates are NaT, skipping date filter
No client filter applied (showing all clients)
Final filtered shape: (5069, 74)
============================================================

============================================================
TIMESTAMP: 2026-02-04 17:19:10.681955
Input df shape: (5069, 74)
Date range: (None, None)
Selected clients: []
After copy: (5069, 74)
Date column type: datetime64[ns]
Non-null dates: 0
Min date: NaT
Max date: NaT
Date filter range: None to None
Data date range: NaT to NaT
WARNING: Dates are NaT, skipping date filter
No client filter applied (showing all clients)
Final filtered shape: (5069, 74)
============================================================

============================================================
TIMESTAMP: 2026-02-04 17:19:10.722731
Input df shape: (5069, 74)
Date range: (None, None)
Selected clients: []
After copy: (5069, 74)
Date column type: datetime64[ns]
Non-null dates: 0
Min date: NaT
Max date: NaT
Date filter range: None to None
Data date range: NaT to NaT
WARNING: Dates are NaT, skipping date filter
No client filter applied (showing all clients)
Final filtered shape: (5069, 74)
============================================================

============================================================
TIMESTAMP: 2026-02-04 17:19:10.775716
Input df shape: (5069, 74)
Date range: (None, None)
Selected clients: []
After copy: (5069, 74)
Date column type: datetime64[ns]
Non-null dates: 0
Min date: NaT
Max date: NaT
Date filter range: None to None
Data date range: NaT to NaT
WARNING: Dates are NaT, skipping date filter
No client filter applied (showing all clients)
Final filtered shape: (5069, 74)
============================================================

============================================================
TIMESTAMP: 2026-02-04 17:19:10.848623
Input df shape: (5069, 74)
Date range: (None, None)
Selected clients: []
After copy: (5069, 74)
Date column type: datetime64[ns]
Non-null dates: 0
Min date: NaT
Max date: NaT
Date filter range: None to None
Data date range: NaT to NaT
WARNING: Dates are NaT, skipping date filter
No client filter applied (showing all clients)
Final filtered shape: (5069, 74)
============================================================

============================================================
TIMESTAMP: 2026-02-04 17:19:11.842615
Input df shape: (5069, 74)
Date range: (None, None)
Selected clients: []
After copy: (5069, 74)
Date column type: datetime64[ns]
Non-null dates: 0
Min date: NaT
Max date: NaT
Date filter range: None to None
Data date range: NaT to NaT
WARNING: Dates are NaT, skipping date filter
No client filter applied (showing all clients)
Final filtered shape: (5069, 74)
============================================================

============================================================
TIMESTAMP: 2026-02-04 17:19:12.092091
Input df shape: (5069, 74)
Date range: (None, None)
Selected clients: []
After copy: (5069, 74)
Date column type: datetime64[ns]
Non-null dates: 0
Min date: NaT
Max date: NaT
Date filter range: None to None
Data date range: NaT to NaT
WARNING: Dates are NaT, skipping date filter
No client filter applied (showing all clients)
Final filtered shape: (5069, 74)
============================================================

============================================================
TIMESTAMP: 2026-02-04 17:19:12.141799
Input df shape: (5069, 74)
Date range: (None, None)
Selected clients: []
After copy: (5069, 74)
Date column type: datetime64[ns]
Non-null dates: 0
Min date: NaT
Max date: NaT
Date filter range: None to None
Data date range: NaT to NaT
WARNING: Dates are NaT, skipping date filter
No client filter applied (showing all clients)
Final filtered shape: (5069, 74)
============================================================

============================================================
TIMESTAMP: 2026-02-04 17:19:12.187380
Input df shape: (5069, 74)
Date range: (None, None)
Selected clients: []
After copy: (5069, 74)
Date column type: datetime64[ns]
Non-null dates: 0
Min date: NaT
Max date: NaT
Date filter range: None to None
Data date range: NaT to NaT
WARNING: Dates are NaT, skipping date filter
No client filter applied (showing all clients)
Final filtered shape: (5069, 74)
============================================================

============================================================
TIMESTAMP: 2026-02-04 17:19:12.257714
Input df shape: (5069, 74)
Date range: (None, None)
Selected clients: []
After copy: (5069, 74)
Date column type: datetime64[ns]
Non-null dates: 0
Min date: NaT
Max date: NaT
Date filter range: None to None
Data date range: NaT to NaT
WARNING: Dates are NaT, skipping date filter
No client filter applied (showing all clients)
Final filtered shape: (5069, 74)
============================================================

============================================================
TIMESTAMP: 2026-02-04 17:19:13.314255
Input df shape: (5069, 74)
Date range: (None, None)
Selected clients: []
After copy: (5069, 74)
Date column type: datetime64[ns]
Non-null dates: 0
Min date: NaT
Max date: NaT
Date filter range: None to None
Data date range: NaT to NaT
WARNING: Dates are NaT, skipping date filter
No client filter applied (showing all clients)
Final filtered shape: (5069, 74)
============================================================

============================================================
TIMESTAMP: 2026-02-04 17:19:13.478854
Input df shape: (5069, 74)
Date range: (None, None)
Selected clients: []
After copy: (5069, 74)
Date column type: datetime64[ns]
Non-null dates: 0
Min date: NaT
Max date: NaT
Date filter range: None to None
Data date range: NaT to NaT
WARNING: Dates are NaT, skipping date filter
No client filter applied (showing all clients)
Final filtered shape: (5069, 74)
============================================================

============================================================
TIMESTAMP: 2026-02-04 17:19:13.514328
Input df shape: (5069, 74)
Date range: (None, None)
Selected clients: []
After copy: (5069, 74)
Date column type: datetime64[ns]
Non-null dates: 0
Min date: NaT
Max date: NaT
Date filter range: None to None
Data date range: NaT to NaT
WARNING: Dates are NaT, skipping date filter
No client filter applied (showing all clients)
Final filtered shape: (5069, 74)
============================================================

============================================================
TIMESTAMP: 2026-02-04 17:19:13.560151
Input df shape: (5069, 74)
Date range: (None, None)
Selected clients: []
After copy: (5069, 74)
Date column type: datetime64[ns]
Non-null dates: 0
Min date: NaT
Max date: NaT
Date filter range: None to None
Data date range: NaT to NaT
WARNING: Dates are NaT, skipping date filter
No client filter applied (showing all clients)
Final filtered shape: (5069, 74)
============================================================

============================================================
TIMESTAMP: 2026-02-04 17:19:13.625504
Input df shape: (5069, 74)
Date range: (None, None)
Selected clients: []
After copy: (5069, 74)
Date column type: datetime64[ns]
Non-null dates: 0
Min date: NaT
Max date: NaT
Date filter range: None to None
Data date range: NaT to NaT
WARNING: Dates are NaT, skipping date filter
No client filter applied (showing all clients)
Final filtered shape: (5069, 74)
============================================================

============================================================
TIMESTAMP: 2026-02-04 17:19:14.464421
Input df shape: (5069, 74)
Date range: (None, None)
Selected clients: []
After copy: (5069, 74)
Date column type: datetime64[ns]
Non-null dates: 0
Min date: NaT
Max date: NaT
Date filter range: None to None
Data date range: NaT to NaT
WARNING: Dates are NaT, skipping date filter
No client filter applied (showing all clients)
Final filtered shape: (5069, 74)
============================================================

============================================================
TIMESTAMP: 2026-02-04 17:19:14.683758
Input df shape: (5069, 74)
Date range: (None, None)
Selected clients: []
After copy: (5069, 74)
Date column type: datetime64[ns]
Non-null dates: 0
Min date: NaT
Max date: NaT
Date filter range: None to None
Data date range: NaT to NaT
WARNING: Dates are NaT, skipping date filter
No client filter applied (showing all clients)
Final filtered shape: (5069, 74)
============================================================

============================================================
TIMESTAMP: 2026-02-04 17:19:14.753139
Input df shape: (5069, 74)
Date range: (None, None)
Selected clients: []
After copy: (5069, 74)
Date column type: datetime64[ns]
Non-null dates: 0
Min date: NaT
Max date: NaT
Date filter range: None to None
Data date range: NaT to NaT
WARNING: Dates are NaT, skipping date filter
No client filter applied (showing all clients)
Final filtered shape: (5069, 74)
============================================================

============================================================
TIMESTAMP: 2026-02-04 17:19:14.816306
Input df shape: (5069, 74)
Date range: (None, None)
Selected clients: []
After copy: (5069, 74)
Date column type: datetime64[ns]
Non-null dates: 0
Min date: NaT
Max date: NaT
Date filter range: None to None
Data date range: NaT to NaT
WARNING: Dates are NaT, skipping date filter
No client filter applied (showing all clients)
Final filtered shape: (5069, 74)
============================================================

============================================================
TIMESTAMP: 2026-02-04 17:19:14.891722
Input df shape: (5069, 74)
Date range: (None, None)
Selected clients: []
After copy: (5069, 74)
Date column type: datetime64[ns]
Non-null dates: 0
Min date: NaT
Max date: NaT
Date filter range: None to None
Data date range: NaT to NaT
WARNING: Dates are NaT, skipping date filter
No client filter applied (showing all clients)
Final filtered shape: (5069, 74)
============================================================

============================================================
TIMESTAMP: 2026-02-04 17:19:32.150406
Input df shape: (5069, 74)
Date range: (None, None)
Selected clients: []
After copy: (5069, 74)
Date column type: datetime64[ns]
Non-null dates: 0
Min date: NaT
Max date: NaT
Date filter range: None to None
Data date range: NaT to NaT
WARNING: Dates are NaT, skipping date filter
No client filter applied (showing all clients)
Final filtered shape: (5069, 74)
============================================================

============================================================
TIMESTAMP: 2026-02-04 17:19:32.405289
Input df shape: (5069, 74)
Date range: (None, None)
Selected clients: []
After copy: (5069, 74)
Date column type: datetime64[ns]
Non-null dates: 0
Min date: NaT
Max date: NaT
Date filter range: None to None
Data date range: NaT to NaT
WARNING: Dates are NaT, skipping date filter
No client filter applied (showing all clients)
Final filtered shape: (5069, 74)
============================================================

============================================================
TIMESTAMP: 2026-02-04 17:19:32.459046
Input df shape: (5069, 74)
Date range: (None, None)
Selected clients: []
After copy: (5069, 74)
Date column type: datetime64[ns]
Non-null dates: 0
Min date: NaT
Max date: NaT
Date filter range: None to None
Data date range: NaT to NaT
WARNING: Dates are NaT, skipping date filter
No client filter applied (showing all clients)
Final filtered shape: (5069, 74)
============================================================

============================================================
TIMESTAMP: 2026-02-04 17:19:32.525003
Input df shape: (5069, 74)
Date range: (None, None)
Selected clients: []
After copy: (5069, 74)
Date column type: datetime64[ns]
Non-null dates: 0
Min date: NaT
Max date: NaT
Date filter range: None to None
Data date range: NaT to NaT
WARNING: Dates are NaT, skipping date filter
No client filter applied (showing all clients)
Final filtered shape: (5069, 74)
============================================================

============================================================
TIMESTAMP: 2026-02-04 17:19:32.647301
Input df shape: (5069, 74)
Date range: (None, None)
Selected clients: []
After copy: (5069, 74)
Date column type: datetime64[ns]
Non-null dates: 0
Min date: NaT
Max date: NaT
Date filter range: None to None
Data date range: NaT to NaT
WARNING: Dates are NaT, skipping date filter
No client filter applied (showing all clients)
Final filtered shape: (5069, 74)
============================================================

============================================================
TIMESTAMP: 2026-02-04 17:19:37.615015
Input df shape: (66716, 109)
Date range: (datetime.date(2025, 1, 4), datetime.date(2026, 12, 1))
Selected clients: []
After copy: (66716, 109)
Date column type: datetime64[ns]
Non-null dates: 33179
Min date: 2025-01-04 00:00:00
Max date: 2026-12-01 00:00:00
Date filter range: 2025-01-04 to 2026-12-01
Data date range: 2025-01-04 00:00:00 to 2026-12-01 00:00:00
After date filter: 33179 rows (removed 33537)
No client filter applied (showing all clients)
Final filtered shape: (33179, 109)
============================================================

============================================================
TIMESTAMP: 2026-02-04 17:19:39.907992
Input df shape: (66716, 109)
Date range: (datetime.date(2025, 1, 4), datetime.date(2026, 12, 1))
Selected clients: []
After copy: (66716, 109)
Date column type: datetime64[ns]
Non-null dates: 33179
Min date: 2025-01-04 00:00:00
Max date: 2026-12-01 00:00:00
Date filter range: 2025-01-04 to 2026-12-01
Data date range: 2025-01-04 00:00:00 to 2026-12-01 00:00:00
After date filter: 33179 rows (removed 33537)
No client filter applied (showing all clients)
Final filtered shape: (33179, 109)
============================================================

============================================================
TIMESTAMP: 2026-02-04 17:19:40.214702
Input df shape: (66716, 109)
Date range: (datetime.date(2025, 1, 4), datetime.date(2026, 12, 1))
Selected clients: []
After copy: (66716, 109)
Date column type: datetime64[ns]
Non-null dates: 33179
Min date: 2025-01-04 00:00:00
Max date: 2026-12-01 00:00:00
Date filter range: 2025-01-04 to 2026-12-01
Data date range: 2025-01-04 00:00:00 to 2026-12-01 00:00:00
After date filter: 33179 rows (removed 33537)
No client filter applied (showing all clients)
Final filtered shape: (33179, 109)
============================================================

============================================================
TIMESTAMP: 2026-02-04 17:19:40.634637
Input df shape: (66716, 109)
Date range: (datetime.date(2025, 1, 4), datetime.date(2026, 12, 1))
Selected clients: []
After copy: (66716, 109)
Date column type: datetime64[ns]
Non-null dates: 33179
Min date: 2025-01-04 00:00:00
Max date: 2026-12-01 00:00:00
Date filter range: 2025-01-04 to 2026-12-01
Data date range: 2025-01-04 00:00:00 to 2026-12-01 00:00:00
After date filter: 33179 rows (removed 33537)
No client filter applied (showing all clients)
Final filtered shape: (33179, 109)
============================================================

============================================================
TIMESTAMP: 2026-02-04 17:19:41.025695
Input df shape: (66716, 109)
Date range: (datetime.date(2025, 1, 4), datetime.date(2026, 12, 1))
Selected clients: []
After copy: (66716, 109)
Date column type: datetime64[ns]
Non-null dates: 33179
Min date: 2025-01-04 00:00:00
Max date: 2026-12-01 00:00:00
Date filter range: 2025-01-04 to 2026-12-01
Data date range: 2025-01-04 00:00:00 to 2026-12-01 00:00:00
After date filter: 33179 rows (removed 33537)
No client filter applied (showing all clients)
Final filtered shape: (33179, 109)
============================================================

============================================================
TIMESTAMP: 2026-02-04 17:23:53.223753
Input df shape: (66716, 109)
Date range: (datetime.date(2025, 1, 4), datetime.date(2026, 12, 1))
Selected clients: []
After copy: (66716, 109)
Date column type: datetime64[ns]
Non-null dates: 33179
Min date: 2025-01-04 00:00:00
Max date: 2026-12-01 00:00:00
Date filter range: 2025-01-04 to 2026-12-01
Data date range: 2025-01-04 00:00:00 to 2026-12-01 00:00:00
After date filter: 33179 rows (removed 33537)
No client filter applied (showing all clients)
Final filtered shape: (33179, 109)
============================================================

============================================================
TIMESTAMP: 2026-02-04 17:23:56.401334
Input df shape: (66716, 109)
Date range: (datetime.date(2025, 1, 4), datetime.date(2026, 12, 1))
Selected clients: []
After copy: (66716, 109)
Date column type: datetime64[ns]
Non-null dates: 33179
Min date: 2025-01-04 00:00:00
Max date: 2026-12-01 00:00:00
Date filter range: 2025-01-04 to 2026-12-01
Data date range: 2025-01-04 00:00:00 to 2026-12-01 00:00:00
After date filter: 33179 rows (removed 33537)
No client filter applied (showing all clients)
Final filtered shape: (33179, 109)
============================================================

============================================================
TIMESTAMP: 2026-02-04 17:23:56.781512
Input df shape: (66716, 109)
Date range: (datetime.date(2025, 1, 4), datetime.date(2026, 12, 1))
Selected clients: []
After copy: (66716, 109)
Date column type: datetime64[ns]
Non-null dates: 33179
Min date: 2025-01-04 00:00:00
Max date: 2026-12-01 00:00:00
Date filter range: 2025-01-04 to 2026-12-01
Data date range: 2025-01-04 00:00:00 to 2026-12-01 00:00:00
After date filter: 33179 rows (removed 33537)
No client filter applied (showing all clients)
Final filtered shape: (33179, 109)
============================================================

============================================================
TIMESTAMP: 2026-02-04 17:23:57.528552
Input df shape: (66716, 109)
Date range: (datetime.date(2025, 1, 4), datetime.date(2026, 12, 1))
Selected clients: []
After copy: (66716, 109)
Date column type: datetime64[ns]
Non-null dates: 33179
Min date: 2025-01-04 00:00:00
Max date: 2026-12-01 00:00:00
Date filter range: 2025-01-04 to 2026-12-01
Data date range: 2025-01-04 00:00:00 to 2026-12-01 00:00:00
After date filter: 33179 rows (removed 33537)
No client filter applied (showing all clients)
Final filtered shape: (33179, 109)
============================================================

============================================================
TIMESTAMP: 2026-02-04 17:23:58.562323
Input df shape: (66716, 109)
Date range: (datetime.date(2025, 1, 4), datetime.date(2026, 12, 1))
Selected clients: []
After copy: (66716, 109)
Date column type: datetime64[ns]
Non-null dates: 33179
Min date: 2025-01-04 00:00:00
Max date: 2026-12-01 00:00:00
Date filter range: 2025-01-04 to 2026-12-01
Data date range: 2025-01-04 00:00:00 to 2026-12-01 00:00:00
After date filter: 33179 rows (removed 33537)
No client filter applied (showing all clients)
Final filtered shape: (33179, 109)
============================================================

============================================================
TIMESTAMP: 2026-02-04 17:24:05.862407
Input df shape: (66716, 109)
Date range: (datetime.date(2025, 1, 4), datetime.date(2026, 12, 1))
Selected clients: []
After copy: (66716, 109)
Date column type: datetime64[ns]
Non-null dates: 33179
Min date: 2025-01-04 00:00:00
Max date: 2026-12-01 00:00:00
Date filter range: 2025-01-04 to 2026-12-01
Data date range: 2025-01-04 00:00:00 to 2026-12-01 00:00:00

============================================================
TIMESTAMP: 2026-02-04 17:24:07.753978
Input df shape: (66716, 109)
Date range: (datetime.date(2025, 1, 4), datetime.date(2026, 12, 1))
Selected clients: []
After date filter: 33179 rows (removed 33537)
After copy: (66716, 109)
No client filter applied (showing all clients)
Final filtered shape: (33179, 109)
============================================================
Date column type: datetime64[ns]
Non-null dates: 33179
Min date: 2025-01-04 00:00:00
Max date: 2026-12-01 00:00:00
Date filter range: 2025-01-04 to 2026-12-01
Data date range: 2025-01-04 00:00:00 to 2026-12-01 00:00:00
After date filter: 33179 rows (removed 33537)
No client filter applied (showing all clients)
Final filtered shape: (33179, 109)
============================================================

============================================================
TIMESTAMP: 2026-02-04 17:24:24.220682
Input df shape: (66716, 109)
Date range: (datetime.date(2025, 1, 4), datetime.date(2026, 12, 1))
Selected clients: []
After copy: (66716, 109)
Date column type: datetime64[ns]
Non-null dates: 33179
Min date: 2025-01-04 00:00:00
Max date: 2026-12-01 00:00:00
Date filter range: 2025-01-04 to 2026-12-01
Data date range: 2025-01-04 00:00:00 to 2026-12-01 00:00:00
After date filter: 33179 rows (removed 33537)
No client filter applied (showing all clients)
Final filtered shape: (33179, 109)
============================================================

============================================================
TIMESTAMP: 2026-02-04 17:24:50.094651
Input df shape: (5069, 74)
Date range: (None, None)
Selected clients: []
After copy: (5069, 74)
Date column type: datetime64[ns]
Non-null dates: 0
Min date: NaT
Max date: NaT
Date filter range: None to None
Data date range: NaT to NaT
WARNING: Dates are NaT, skipping date filter
No client filter applied (showing all clients)
Final filtered shape: (5069, 74)
============================================================

============================================================
TIMESTAMP: 2026-02-04 17:24:51.375567
Input df shape: (5069, 74)
Date range: (None, None)
Selected clients: []
After copy: (5069, 74)
Date column type: datetime64[ns]
Non-null dates: 0
Min date: NaT
Max date: NaT
Date filter range: None to None
Data date range: NaT to NaT
WARNING: Dates are NaT, skipping date filter
No client filter applied (showing all clients)
Final filtered shape: (5069, 74)
============================================================

============================================================
TIMESTAMP: 2026-02-04 17:24:51.697968
Input df shape: (5069, 74)
Date range: (None, None)
Selected clients: []
After copy: (5069, 74)
Date column type: datetime64[ns]
Non-null dates: 0
Min date: NaT
Max date: NaT
Date filter range: None to None
Data date range: NaT to NaT
WARNING: Dates are NaT, skipping date filter
No client filter applied (showing all clients)
Final filtered shape: (5069, 74)
============================================================

============================================================
TIMESTAMP: 2026-02-04 17:24:52.036913
Input df shape: (5069, 74)
Date range: (None, None)
Selected clients: []
After copy: (5069, 74)
Date column type: datetime64[ns]
Non-null dates: 0
Min date: NaT
Max date: NaT
Date filter range: None to None
Data date range: NaT to NaT
WARNING: Dates are NaT, skipping date filter
No client filter applied (showing all clients)
Final filtered shape: (5069, 74)
============================================================

============================================================
TIMESTAMP: 2026-02-04 17:24:52.219399
Input df shape: (5069, 74)
Date range: (None, None)
Selected clients: []
After copy: (5069, 74)
Date column type: datetime64[ns]
Non-null dates: 0
Min date: NaT
Max date: NaT
Date filter range: None to None
Data date range: NaT to NaT
WARNING: Dates are NaT, skipping date filter
No client filter applied (showing all clients)
Final filtered shape: (5069, 74)
============================================================

============================================================
TIMESTAMP: 2026-02-04 17:33:48.564699
Input df shape: (5069, 74)
Date range: (None, None)
Selected clients: []
After copy: (5069, 74)
Date column type: datetime64[ns]
Non-null dates: 0
Min date: NaT
Max date: NaT
Date filter range: None to None
Data date range: NaT to NaT
WARNING: Dates are NaT, skipping date filter
No client filter applied (showing all clients)
Final filtered shape: (5069, 74)
============================================================

============================================================
TIMESTAMP: 2026-02-04 17:33:50.337978
Input df shape: (5069, 74)
Date range: (None, None)
Selected clients: []
After copy: (5069, 74)
Date column type: datetime64[ns]
Non-null dates: 0
Min date: NaT
Max date: NaT
Date filter range: None to None
Data date range: NaT to NaT
WARNING: Dates are NaT, skipping date filter
No client filter applied (showing all clients)
Final filtered shape: (5069, 74)
============================================================

============================================================
TIMESTAMP: 2026-02-04 17:33:50.648746
Input df shape: (5069, 74)
Date range: (None, None)
Selected clients: []
After copy: (5069, 74)
Date column type: datetime64[ns]
Non-null dates: 0
Min date: NaT
Max date: NaT
Date filter range: None to None
Data date range: NaT to NaT
WARNING: Dates are NaT, skipping date filter
No client filter applied (showing all clients)
Final filtered shape: (5069, 74)
============================================================

============================================================
TIMESTAMP: 2026-02-04 17:33:50.776240
Input df shape: (5069, 74)
Date range: (None, None)
Selected clients: []
After copy: (5069, 74)
Date column type: datetime64[ns]
Non-null dates: 0
Min date: NaT
Max date: NaT
Date filter range: None to None
Data date range: NaT to NaT
WARNING: Dates are NaT, skipping date filter
No client filter applied (showing all clients)
Final filtered shape: (5069, 74)
============================================================

============================================================
TIMESTAMP: 2026-02-04 17:33:51.287385
Input df shape: (5069, 74)
Date range: (None, None)
Selected clients: []
After copy: (5069, 74)
Date column type: datetime64[ns]
Non-null dates: 0
Min date: NaT
Max date: NaT
Date filter range: None to None
Data date range: NaT to NaT
WARNING: Dates are NaT, skipping date filter
No client filter applied (showing all clients)
Final filtered shape: (5069, 74)
============================================================

============================================================
TIMESTAMP: 2026-02-04 17:33:54.331609
Input df shape: (5069, 74)
Date range: (None, None)
Selected clients: []
After copy: (5069, 74)
Date column type: datetime64[ns]
Non-null dates: 0
Min date: NaT
Max date: NaT
Date filter range: None to None
Data date range: NaT to NaT
WARNING: Dates are NaT, skipping date filter
No client filter applied (showing all clients)
Final filtered shape: (5069, 74)
============================================================

============================================================
TIMESTAMP: 2026-02-04 17:33:54.533254
Input df shape: (5069, 74)
Date range: (None, None)
Selected clients: []
After copy: (5069, 74)
Date column type: datetime64[ns]
Non-null dates: 0
Min date: NaT
Max date: NaT
Date filter range: None to None
Data date range: NaT to NaT
WARNING: Dates are NaT, skipping date filter
No client filter applied (showing all clients)
Final filtered shape: (5069, 74)
============================================================

============================================================
TIMESTAMP: 2026-02-04 17:33:54.587355
Input df shape: (5069, 74)
Date range: (None, None)
Selected clients: []
After copy: (5069, 74)
Date column type: datetime64[ns]
Non-null dates: 0
Min date: NaT
Max date: NaT
Date filter range: None to None
Data date range: NaT to NaT
WARNING: Dates are NaT, skipping date filter
No client filter applied (showing all clients)
Final filtered shape: (5069, 74)
============================================================

============================================================
TIMESTAMP: 2026-02-04 17:33:54.646159
Input df shape: (5069, 74)
Date range: (None, None)
Selected clients: []
After copy: (5069, 74)
Date column type: datetime64[ns]
Non-null dates: 0
Min date: NaT
Max date: NaT
Date filter range: None to None
Data date range: NaT to NaT
WARNING: Dates are NaT, skipping date filter
No client filter applied (showing all clients)
Final filtered shape: (5069, 74)
============================================================

============================================================
TIMESTAMP: 2026-02-04 17:33:54.731889
Input df shape: (5069, 74)
Date range: (None, None)
Selected clients: []
After copy: (5069, 74)
Date column type: datetime64[ns]
Non-null dates: 0
Min date: NaT
Max date: NaT
Date filter range: None to None
Data date range: NaT to NaT
WARNING: Dates are NaT, skipping date filter
No client filter applied (showing all clients)
Final filtered shape: (5069, 74)
============================================================

============================================================
TIMESTAMP: 2026-02-04 17:33:55.683236
Input df shape: (5069, 74)
Date range: (None, None)
Selected clients: []
After copy: (5069, 74)
Date column type: datetime64[ns]
Non-null dates: 0
Min date: NaT
Max date: NaT
Date filter range: None to None
Data date range: NaT to NaT
WARNING: Dates are NaT, skipping date filter
No client filter applied (showing all clients)
Final filtered shape: (5069, 74)
============================================================

============================================================
TIMESTAMP: 2026-02-04 17:33:55.926238
Input df shape: (5069, 74)
Date range: (None, None)
Selected clients: []
After copy: (5069, 74)
Date column type: datetime64[ns]
Non-null dates: 0
Min date: NaT
Max date: NaT
Date filter range: None to None
Data date range: NaT to NaT
WARNING: Dates are NaT, skipping date filter
No client filter applied (showing all clients)
Final filtered shape: (5069, 74)
============================================================

============================================================
TIMESTAMP: 2026-02-04 17:33:55.985465
Input df shape: (5069, 74)
Date range: (None, None)
Selected clients: []
After copy: (5069, 74)
Date column type: datetime64[ns]
Non-null dates: 0
Min date: NaT
Max date: NaT
Date filter range: None to None
Data date range: NaT to NaT
WARNING: Dates are NaT, skipping date filter
No client filter applied (showing all clients)
Final filtered shape: (5069, 74)
============================================================

============================================================
TIMESTAMP: 2026-02-04 17:33:56.053427
Input df shape: (5069, 74)
Date range: (None, None)
Selected clients: []
After copy: (5069, 74)
Date column type: datetime64[ns]
Non-null dates: 0
Min date: NaT
Max date: NaT
Date filter range: None to None
Data date range: NaT to NaT
WARNING: Dates are NaT, skipping date filter
No client filter applied (showing all clients)
Final filtered shape: (5069, 74)
============================================================

============================================================
TIMESTAMP: 2026-02-04 17:33:56.159781
Input df shape: (5069, 74)
Date range: (None, None)
Selected clients: []
After copy: (5069, 74)
Date column type: datetime64[ns]
Non-null dates: 0
Min date: NaT
Max date: NaT
Date filter range: None to None
Data date range: NaT to NaT
WARNING: Dates are NaT, skipping date filter
No client filter applied (showing all clients)
Final filtered shape: (5069, 74)
============================================================

============================================================
TIMESTAMP: 2026-02-04 17:34:15.048176
Input df shape: (5069, 74)
Date range: (None, None)
Selected clients: []
After copy: (5069, 74)
Date column type: datetime64[ns]
Non-null dates: 0
Min date: NaT
Max date: NaT
Date filter range: None to None
Data date range: NaT to NaT
WARNING: Dates are NaT, skipping date filter
No client filter applied (showing all clients)
Final filtered shape: (5069, 74)
============================================================

============================================================
TIMESTAMP: 2026-02-04 17:34:15.295609
Input df shape: (5069, 74)
Date range: (None, None)
Selected clients: []
After copy: (5069, 74)
Date column type: datetime64[ns]
Non-null dates: 0
Min date: NaT
Max date: NaT
Date filter range: None to None
Data date range: NaT to NaT
WARNING: Dates are NaT, skipping date filter
No client filter applied (showing all clients)
Final filtered shape: (5069, 74)
============================================================

============================================================
TIMESTAMP: 2026-02-04 17:34:15.365585
Input df shape: (5069, 74)
Date range: (None, None)
Selected clients: []
After copy: (5069, 74)
Date column type: datetime64[ns]
Non-null dates: 0
Min date: NaT
Max date: NaT
Date filter range: None to None
Data date range: NaT to NaT
WARNING: Dates are NaT, skipping date filter
No client filter applied (showing all clients)
Final filtered shape: (5069, 74)
============================================================

============================================================
TIMESTAMP: 2026-02-04 17:34:15.430191
Input df shape: (5069, 74)
Date range: (None, None)
Selected clients: []
After copy: (5069, 74)
Date column type: datetime64[ns]
Non-null dates: 0
Min date: NaT
Max date: NaT
Date filter range: None to None
Data date range: NaT to NaT
WARNING: Dates are NaT, skipping date filter
No client filter applied (showing all clients)
Final filtered shape: (5069, 74)
============================================================

============================================================
TIMESTAMP: 2026-02-04 17:34:15.585233
Input df shape: (5069, 74)
Date range: (None, None)
Selected clients: []
After copy: (5069, 74)
Date column type: datetime64[ns]
Non-null dates: 0
Min date: NaT
Max date: NaT
Date filter range: None to None
Data date range: NaT to NaT
WARNING: Dates are NaT, skipping date filter
No client filter applied (showing all clients)
Final filtered shape: (5069, 74)
============================================================

============================================================
TIMESTAMP: 2026-02-04 17:34:23.915689
Input df shape: (66716, 109)
Date range: (datetime.date(2025, 1, 4), datetime.date(2026, 12, 1))
Selected clients: []
After copy: (66716, 109)
Date column type: datetime64[ns]
Non-null dates: 33179
Min date: 2025-01-04 00:00:00
Max date: 2026-12-01 00:00:00
Date filter range: 2025-01-04 to 2026-12-01
Data date range: 2025-01-04 00:00:00 to 2026-12-01 00:00:00
After date filter: 33179 rows (removed 33537)
No client filter applied (showing all clients)
Final filtered shape: (33179, 109)
============================================================

============================================================
TIMESTAMP: 2026-02-04 17:34:27.131712
Input df shape: (66716, 109)
Date range: (datetime.date(2025, 1, 4), datetime.date(2026, 12, 1))
Selected clients: []
After copy: (66716, 109)
Date column type: datetime64[ns]
Non-null dates: 33179
Min date: 2025-01-04 00:00:00
Max date: 2026-12-01 00:00:00
Date filter range: 2025-01-04 to 2026-12-01
Data date range: 2025-01-04 00:00:00 to 2026-12-01 00:00:00
After date filter: 33179 rows (removed 33537)
No client filter applied (showing all clients)
Final filtered shape: (33179, 109)
============================================================

============================================================
TIMESTAMP: 2026-02-04 17:34:27.409355
Input df shape: (66716, 109)
Date range: (datetime.date(2025, 1, 4), datetime.date(2026, 12, 1))
Selected clients: []
After copy: (66716, 109)
Date column type: datetime64[ns]
Non-null dates: 33179
Min date: 2025-01-04 00:00:00
Max date: 2026-12-01 00:00:00
Date filter range: 2025-01-04 to 2026-12-01
Data date range: 2025-01-04 00:00:00 to 2026-12-01 00:00:00
After date filter: 33179 rows (removed 33537)
No client filter applied (showing all clients)
Final filtered shape: (33179, 109)
============================================================

============================================================
TIMESTAMP: 2026-02-04 17:34:27.846455
Input df shape: (66716, 109)
Date range: (datetime.date(2025, 1, 4), datetime.date(2026, 12, 1))
Selected clients: []
After copy: (66716, 109)
Date column type: datetime64[ns]
Non-null dates: 33179
Min date: 2025-01-04 00:00:00
Max date: 2026-12-01 00:00:00
Date filter range: 2025-01-04 to 2026-12-01
Data date range: 2025-01-04 00:00:00 to 2026-12-01 00:00:00
After date filter: 33179 rows (removed 33537)
No client filter applied (showing all clients)
Final filtered shape: (33179, 109)
============================================================

============================================================
TIMESTAMP: 2026-02-04 17:34:28.338392
Input df shape: (66716, 109)
Date range: (datetime.date(2025, 1, 4), datetime.date(2026, 12, 1))
Selected clients: []
After copy: (66716, 109)
Date column type: datetime64[ns]
Non-null dates: 33179
Min date: 2025-01-04 00:00:00
Max date: 2026-12-01 00:00:00
Date filter range: 2025-01-04 to 2026-12-01
Data date range: 2025-01-04 00:00:00 to 2026-12-01 00:00:00
After date filter: 33179 rows (removed 33537)
No client filter applied (showing all clients)
Final filtered shape: (33179, 109)
============================================================

============================================================
TIMESTAMP: 2026-02-04 17:34:48.695270
Input df shape: (66716, 109)
Date range: (datetime.date(2025, 11, 1),)
Selected clients: []
After copy: (66716, 109)
Date column type: datetime64[ns]
Non-null dates: 33179
Min date: 2025-01-04 00:00:00
Max date: 2026-12-01 00:00:00
No client filter applied (showing all clients)
Final filtered shape: (66716, 109)
============================================================

============================================================
TIMESTAMP: 2026-02-04 17:35:09.026451
Input df shape: (66716, 109)
Date range: (datetime.date(2025, 11, 1), datetime.date(2026, 1, 10))
Selected clients: []
After copy: (66716, 109)
Date column type: datetime64[ns]
Non-null dates: 33179
Min date: 2025-01-04 00:00:00
Max date: 2026-12-01 00:00:00
Date filter range: 2025-11-01 to 2026-01-10
Data date range: 2025-01-04 00:00:00 to 2026-12-01 00:00:00
After date filter: 13828 rows (removed 52888)
No client filter applied (showing all clients)
Final filtered shape: (13828, 109)
============================================================

============================================================
TIMESTAMP: 2026-02-04 17:35:20.360572
Input df shape: (66716, 109)
Date range: (datetime.date(2025, 1, 4), datetime.date(2026, 12, 1))
Selected clients: []
After copy: (66716, 109)
Date column type: datetime64[ns]
Non-null dates: 33179
Min date: 2025-01-04 00:00:00
Max date: 2026-12-01 00:00:00
Date filter range: 2025-01-04 to 2026-12-01
Data date range: 2025-01-04 00:00:00 to 2026-12-01 00:00:00
After date filter: 33179 rows (removed 33537)
No client filter applied (showing all clients)
Final filtered shape: (33179, 109)
============================================================

============================================================
TIMESTAMP: 2026-02-04 17:35:21.036905
Input df shape: (66716, 109)
Date range: (datetime.date(2025, 1, 4), datetime.date(2026, 12, 1))
Selected clients: []
After copy: (66716, 109)
Date column type: datetime64[ns]
Non-null dates: 33179
Min date: 2025-01-04 00:00:00
Max date: 2026-12-01 00:00:00
Date filter range: 2025-01-04 to 2026-12-01
Data date range: 2025-01-04 00:00:00 to 2026-12-01 00:00:00
After date filter: 33179 rows (removed 33537)
No client filter applied (showing all clients)
Final filtered shape: (33179, 109)
============================================================

============================================================
TIMESTAMP: 2026-02-04 17:35:21.970841
Input df shape: (66716, 109)
Date range: (datetime.date(2025, 1, 4), datetime.date(2026, 12, 1))
Selected clients: []
After copy: (66716, 109)
Date column type: datetime64[ns]
Non-null dates: 33179
Min date: 2025-01-04 00:00:00
Max date: 2026-12-01 00:00:00
Date filter range: 2025-01-04 to 2026-12-01
Data date range: 2025-01-04 00:00:00 to 2026-12-01 00:00:00
After date filter: 33179 rows (removed 33537)
No client filter applied (showing all clients)
Final filtered shape: (33179, 109)
============================================================

============================================================
TIMESTAMP: 2026-02-04 17:35:22.875700
Input df shape: (66716, 109)
Date range: (datetime.date(2025, 1, 4), datetime.date(2026, 12, 1))
Selected clients: []
After copy: (66716, 109)
Date column type: datetime64[ns]
Non-null dates: 33179
Min date: 2025-01-04 00:00:00
Max date: 2026-12-01 00:00:00
Date filter range: 2025-01-04 to 2026-12-01
Data date range: 2025-01-04 00:00:00 to 2026-12-01 00:00:00
After date filter: 33179 rows (removed 33537)
No client filter applied (showing all clients)
Final filtered shape: (33179, 109)
============================================================

============================================================
TIMESTAMP: 2026-02-04 17:46:25.683610
Input df shape: (5069, 74)
Date range: (None, None)
Selected clients: []
After copy: (5069, 74)
Date column type: datetime64[ns]
Non-null dates: 0
Min date: NaT
Max date: NaT
Date filter range: None to None
Data date range: NaT to NaT
WARNING: Dates are NaT, skipping date filter
No client filter applied (showing all clients)
Final filtered shape: (5069, 74)
============================================================

============================================================
TIMESTAMP: 2026-02-04 17:46:25.812270
Input df shape: (5069, 74)
Date range: (None, None)
Selected clients: []
After copy: (5069, 74)
Date column type: datetime64[ns]
Non-null dates: 0
Min date: NaT
Max date: NaT
Date filter range: None to None
Data date range: NaT to NaT
WARNING: Dates are NaT, skipping date filter
No client filter applied (showing all clients)
Final filtered shape: (5069, 74)
============================================================

============================================================
TIMESTAMP: 2026-02-04 17:46:25.901735
Input df shape: (5069, 74)
Date range: (None, None)
Selected clients: []
After copy: (5069, 74)
Date column type: datetime64[ns]
Non-null dates: 0
Min date: NaT
Max date: NaT
Date filter range: None to None
Data date range: NaT to NaT
WARNING: Dates are NaT, skipping date filter
No client filter applied (showing all clients)
Final filtered shape: (5069, 74)
============================================================

============================================================
TIMESTAMP: 2026-02-04 17:46:26.164153
Input df shape: (5069, 74)
Date range: (None, None)
Selected clients: []
After copy: (5069, 74)
Date column type: datetime64[ns]
Non-null dates: 0
Min date: NaT
Max date: NaT
Date filter range: None to None
Data date range: NaT to NaT
WARNING: Dates are NaT, skipping date filter
No client filter applied (showing all clients)
Final filtered shape: (5069, 74)
============================================================

============================================================
TIMESTAMP: 2026-02-04 17:46:26.239134
Input df shape: (5069, 74)
Date range: (None, None)
Selected clients: []
After copy: (5069, 74)
Date column type: datetime64[ns]
Non-null dates: 0
Min date: NaT
Max date: NaT
Date filter range: None to None
Data date range: NaT to NaT
WARNING: Dates are NaT, skipping date filter
No client filter applied (showing all clients)
Final filtered shape: (5069, 74)
============================================================

============================================================
TIMESTAMP: 2026-02-04 17:46:39.875544
Input df shape: (5069, 74)
Date range: (None, None)
Selected clients: []
After copy: (5069, 74)
Date column type: datetime64[ns]
Non-null dates: 0
Min date: NaT
Max date: NaT
Date filter range: None to None
Data date range: NaT to NaT
WARNING: Dates are NaT, skipping date filter
No client filter applied (showing all clients)
Final filtered shape: (5069, 74)
============================================================

============================================================
TIMESTAMP: 2026-02-04 17:46:39.923222
Input df shape: (5069, 74)
Date range: (None, None)
Selected clients: []
After copy: (5069, 74)
Date column type: datetime64[ns]
Non-null dates: 0
Min date: NaT
Max date: NaT
Date filter range: None to None
Data date range: NaT to NaT
WARNING: Dates are NaT, skipping date filter
No client filter applied (showing all clients)
Final filtered shape: (5069, 74)
============================================================

============================================================
TIMESTAMP: 2026-02-04 17:46:39.985365
Input df shape: (5069, 74)
Date range: (None, None)
Selected clients: []
After copy: (5069, 74)
Date column type: datetime64[ns]
Non-null dates: 0
Min date: NaT
Max date: NaT
Date filter range: None to None
Data date range: NaT to NaT
WARNING: Dates are NaT, skipping date filter
No client filter applied (showing all clients)
Final filtered shape: (5069, 74)
============================================================

============================================================
TIMESTAMP: 2026-02-04 17:46:40.033332
Input df shape: (5069, 74)
Date range: (None, None)
Selected clients: []
After copy: (5069, 74)
Date column type: datetime64[ns]
Non-null dates: 0
Min date: NaT
Max date: NaT
Date filter range: None to None
Data date range: NaT to NaT
WARNING: Dates are NaT, skipping date filter
No client filter applied (showing all clients)
Final filtered shape: (5069, 74)
============================================================

============================================================
TIMESTAMP: 2026-02-04 17:46:40.066822
Input df shape: (5069, 74)
Date range: (None, None)
Selected clients: []
After copy: (5069, 74)
Date column type: datetime64[ns]
Non-null dates: 0
Min date: NaT
Max date: NaT
Date filter range: None to None
Data date range: NaT to NaT
WARNING: Dates are NaT, skipping date filter
No client filter applied (showing all clients)
Final filtered shape: (5069, 74)
============================================================

============================================================
TIMESTAMP: 2026-02-04 17:46:42.128298
Input df shape: (4397, 74)
Date range: (None, None)
Selected clients: []
After copy: (4397, 74)
Date column type: datetime64[ns]
Non-null dates: 0
Min date: NaT
Max date: NaT
Date filter range: None to None
Data date range: NaT to NaT
WARNING: Dates are NaT, skipping date filter
No client filter applied (showing all clients)
Final filtered shape: (4397, 74)
============================================================

============================================================
TIMESTAMP: 2026-02-04 17:46:42.170938
Input df shape: (4397, 74)
Date range: (None, None)
Selected clients: []
After copy: (4397, 74)
Date column type: datetime64[ns]
Non-null dates: 0
Min date: NaT
Max date: NaT
Date filter range: None to None
Data date range: NaT to NaT
WARNING: Dates are NaT, skipping date filter
No client filter applied (showing all clients)
Final filtered shape: (4397, 74)
============================================================

============================================================
TIMESTAMP: 2026-02-04 17:46:42.217933
Input df shape: (4397, 74)
Date range: (None, None)
Selected clients: []
After copy: (4397, 74)
Date column type: datetime64[ns]
Non-null dates: 0
Min date: NaT
Max date: NaT
Date filter range: None to None
Data date range: NaT to NaT
WARNING: Dates are NaT, skipping date filter
No client filter applied (showing all clients)
Final filtered shape: (4397, 74)
============================================================

============================================================
TIMESTAMP: 2026-02-04 17:46:42.277974
Input df shape: (4397, 74)
Date range: (None, None)
Selected clients: []
After copy: (4397, 74)
Date column type: datetime64[ns]
Non-null dates: 0
Min date: NaT
Max date: NaT
Date filter range: None to None
Data date range: NaT to NaT
WARNING: Dates are NaT, skipping date filter
No client filter applied (showing all clients)
Final filtered shape: (4397, 74)
============================================================

============================================================
TIMESTAMP: 2026-02-04 17:46:42.313937
Input df shape: (4397, 74)
Date range: (None, None)
Selected clients: []
After copy: (4397, 74)
Date column type: datetime64[ns]
Non-null dates: 0
Min date: NaT
Max date: NaT
Date filter range: None to None
Data date range: NaT to NaT
WARNING: Dates are NaT, skipping date filter
No client filter applied (showing all clients)
Final filtered shape: (4397, 74)
============================================================

============================================================
TIMESTAMP: 2026-02-04 17:46:45.477872
Input df shape: (4397, 74)
Date range: (None, None)
Selected clients: []
After copy: (4397, 74)
Date column type: datetime64[ns]
Non-null dates: 0
Min date: NaT
Max date: NaT
Date filter range: None to None
Data date range: NaT to NaT
WARNING: Dates are NaT, skipping date filter
No client filter applied (showing all clients)
Final filtered shape: (4397, 74)
============================================================

============================================================
TIMESTAMP: 2026-02-04 17:46:45.518165
Input df shape: (4397, 74)
Date range: (None, None)
Selected clients: []
After copy: (4397, 74)
Date column type: datetime64[ns]
Non-null dates: 0
Min date: NaT
Max date: NaT
Date filter range: None to None
Data date range: NaT to NaT
WARNING: Dates are NaT, skipping date filter
No client filter applied (showing all clients)
Final filtered shape: (4397, 74)
============================================================

============================================================
TIMESTAMP: 2026-02-04 17:46:45.590561
Input df shape: (4397, 74)
Date range: (None, None)
Selected clients: []
After copy: (4397, 74)
Date column type: datetime64[ns]
Non-null dates: 0
Min date: NaT
Max date: NaT
Date filter range: None to None
Data date range: NaT to NaT
WARNING: Dates are NaT, skipping date filter
No client filter applied (showing all clients)
Final filtered shape: (4397, 74)
============================================================

============================================================
TIMESTAMP: 2026-02-04 17:46:45.708186
Input df shape: (4397, 74)
Date range: (None, None)
Selected clients: []
After copy: (4397, 74)
Date column type: datetime64[ns]
Non-null dates: 0
Min date: NaT
Max date: NaT
Date filter range: None to None
Data date range: NaT to NaT
WARNING: Dates are NaT, skipping date filter
No client filter applied (showing all clients)
Final filtered shape: (4397, 74)
============================================================

============================================================
TIMESTAMP: 2026-02-04 17:46:45.823223
Input df shape: (4397, 74)
Date range: (None, None)
Selected clients: []
After copy: (4397, 74)
Date column type: datetime64[ns]
Non-null dates: 0
Min date: NaT
Max date: NaT
Date filter range: None to None
Data date range: NaT to NaT
WARNING: Dates are NaT, skipping date filter
No client filter applied (showing all clients)
Final filtered shape: (4397, 74)
============================================================

============================================================
TIMESTAMP: 2026-02-04 17:46:48.182446
Input df shape: (4397, 74)
Date range: (None, None)
Selected clients: []
After copy: (4397, 74)
Date column type: datetime64[ns]
Non-null dates: 0
Min date: NaT
Max date: NaT
Date filter range: None to None
Data date range: NaT to NaT
WARNING: Dates are NaT, skipping date filter
No client filter applied (showing all clients)
Final filtered shape: (4397, 74)
============================================================

============================================================
TIMESTAMP: 2026-02-04 17:46:48.219980
Input df shape: (4397, 74)
Date range: (None, None)
Selected clients: []
After copy: (4397, 74)
Date column type: datetime64[ns]
Non-null dates: 0
Min date: NaT
Max date: NaT
Date filter range: None to None
Data date range: NaT to NaT
WARNING: Dates are NaT, skipping date filter
No client filter applied (showing all clients)
Final filtered shape: (4397, 74)
============================================================

============================================================
TIMESTAMP: 2026-02-04 17:46:48.289537
Input df shape: (4397, 74)
Date range: (None, None)
Selected clients: []
After copy: (4397, 74)
Date column type: datetime64[ns]
Non-null dates: 0
Min date: NaT
Max date: NaT
Date filter range: None to None
Data date range: NaT to NaT
WARNING: Dates are NaT, skipping date filter
No client filter applied (showing all clients)
Final filtered shape: (4397, 74)
============================================================

============================================================
TIMESTAMP: 2026-02-04 17:46:48.348823
Input df shape: (4397, 74)
Date range: (None, None)
Selected clients: []
After copy: (4397, 74)
Date column type: datetime64[ns]
Non-null dates: 0
Min date: NaT
Max date: NaT
Date filter range: None to None
Data date range: NaT to NaT
WARNING: Dates are NaT, skipping date filter
No client filter applied (showing all clients)
Final filtered shape: (4397, 74)
============================================================

============================================================
TIMESTAMP: 2026-02-04 17:46:48.389743
Input df shape: (4397, 74)
Date range: (None, None)
Selected clients: []
After copy: (4397, 74)
Date column type: datetime64[ns]
Non-null dates: 0
Min date: NaT
Max date: NaT
Date filter range: None to None
Data date range: NaT to NaT
WARNING: Dates are NaT, skipping date filter
No client filter applied (showing all clients)
Final filtered shape: (4397, 74)
============================================================

============================================================
TIMESTAMP: 2026-02-04 17:46:50.514576
Input df shape: (1450, 51)
Date range: (None, None)
Selected clients: []
After copy: (1450, 51)
Date column type: datetime64[ns]
Non-null dates: 0
Min date: NaT
Max date: NaT
Date filter range: None to None
Data date range: NaT to NaT
WARNING: Dates are NaT, skipping date filter
No client filter applied (showing all clients)
Final filtered shape: (1450, 51)
============================================================

============================================================
TIMESTAMP: 2026-02-04 17:46:50.543293
Input df shape: (1450, 51)
Date range: (None, None)
Selected clients: []
After copy: (1450, 51)
Date column type: datetime64[ns]
Non-null dates: 0
Min date: NaT
Max date: NaT
Date filter range: None to None
Data date range: NaT to NaT
WARNING: Dates are NaT, skipping date filter
No client filter applied (showing all clients)
Final filtered shape: (1450, 51)
============================================================

============================================================
TIMESTAMP: 2026-02-04 17:46:50.603210
Input df shape: (1450, 51)
Date range: (None, None)
Selected clients: []
After copy: (1450, 51)
Date column type: datetime64[ns]
Non-null dates: 0
Min date: NaT
Max date: NaT
Date filter range: None to None
Data date range: NaT to NaT
WARNING: Dates are NaT, skipping date filter
No client filter applied (showing all clients)
Final filtered shape: (1450, 51)
============================================================

============================================================
TIMESTAMP: 2026-02-04 17:46:50.658502
Input df shape: (1450, 51)
Date range: (None, None)
Selected clients: []
After copy: (1450, 51)
Date column type: datetime64[ns]
Non-null dates: 0
Min date: NaT
Max date: NaT
Date filter range: None to None
Data date range: NaT to NaT
WARNING: Dates are NaT, skipping date filter
No client filter applied (showing all clients)
Final filtered shape: (1450, 51)
============================================================

============================================================
TIMESTAMP: 2026-02-04 17:46:50.691665
Input df shape: (1450, 51)
Date range: (None, None)
Selected clients: []
After copy: (1450, 51)
Date column type: datetime64[ns]
Non-null dates: 0
Min date: NaT
Max date: NaT
Date filter range: None to None
Data date range: NaT to NaT
WARNING: Dates are NaT, skipping date filter
No client filter applied (showing all clients)
Final filtered shape: (1450, 51)
============================================================

============================================================
TIMESTAMP: 2026-02-04 17:46:52.473291
Input df shape: (1450, 51)
Date range: (None, None)
Selected clients: []
After copy: (1450, 51)
Date column type: datetime64[ns]
Non-null dates: 0
Min date: NaT
Max date: NaT
Date filter range: None to None
Data date range: NaT to NaT
WARNING: Dates are NaT, skipping date filter
No client filter applied (showing all clients)
Final filtered shape: (1450, 51)
============================================================

============================================================
TIMESTAMP: 2026-02-04 17:46:52.506070
Input df shape: (1450, 51)
Date range: (None, None)
Selected clients: []
After copy: (1450, 51)
Date column type: datetime64[ns]
Non-null dates: 0
Min date: NaT
Max date: NaT
Date filter range: None to None
Data date range: NaT to NaT
WARNING: Dates are NaT, skipping date filter
No client filter applied (showing all clients)
Final filtered shape: (1450, 51)
============================================================

============================================================
TIMESTAMP: 2026-02-04 17:46:52.596490
Input df shape: (1450, 51)
Date range: (None, None)
Selected clients: []
After copy: (1450, 51)
Date column type: datetime64[ns]
Non-null dates: 0
Min date: NaT
Max date: NaT
Date filter range: None to None
Data date range: NaT to NaT
WARNING: Dates are NaT, skipping date filter
No client filter applied (showing all clients)
Final filtered shape: (1450, 51)
============================================================

============================================================
TIMESTAMP: 2026-02-04 17:46:52.683233
Input df shape: (1450, 51)
Date range: (None, None)
Selected clients: []
After copy: (1450, 51)
Date column type: datetime64[ns]
Non-null dates: 0
Min date: NaT
Max date: NaT
Date filter range: None to None
Data date range: NaT to NaT
WARNING: Dates are NaT, skipping date filter
No client filter applied (showing all clients)
Final filtered shape: (1450, 51)
============================================================

============================================================
TIMESTAMP: 2026-02-04 17:46:52.725645
Input df shape: (1450, 51)
Date range: (None, None)
Selected clients: []
After copy: (1450, 51)
Date column type: datetime64[ns]
Non-null dates: 0
Min date: NaT
Max date: NaT
Date filter range: None to None
Data date range: NaT to NaT
WARNING: Dates are NaT, skipping date filter
No client filter applied (showing all clients)
Final filtered shape: (1450, 51)
============================================================

============================================================
TIMESTAMP: 2026-02-04 17:46:54.179710
Input df shape: (1376, 38)
Date range: (None, None)
Selected clients: []
After copy: (1376, 38)
Date column type: datetime64[ns]
Non-null dates: 0
Min date: NaT
Max date: NaT
Date filter range: None to None
Data date range: NaT to NaT
WARNING: Dates are NaT, skipping date filter
No client filter applied (showing all clients)
Final filtered shape: (1376, 38)
============================================================

============================================================
TIMESTAMP: 2026-02-04 17:46:54.213127
Input df shape: (1376, 38)
Date range: (None, None)
Selected clients: []
After copy: (1376, 38)
Date column type: datetime64[ns]
Non-null dates: 0
Min date: NaT
Max date: NaT
Date filter range: None to None
Data date range: NaT to NaT
WARNING: Dates are NaT, skipping date filter
No client filter applied (showing all clients)
Final filtered shape: (1376, 38)
============================================================

============================================================
TIMESTAMP: 2026-02-04 17:46:54.239702
Input df shape: (1376, 38)
Date range: (None, None)
Selected clients: []
After copy: (1376, 38)
Date column type: datetime64[ns]
Non-null dates: 0
Min date: NaT
Max date: NaT
Date filter range: None to None
Data date range: NaT to NaT
WARNING: Dates are NaT, skipping date filter
No client filter applied (showing all clients)
Final filtered shape: (1376, 38)
============================================================

============================================================
TIMESTAMP: 2026-02-04 17:46:54.300796
Input df shape: (1376, 38)
Date range: (None, None)
Selected clients: []
After copy: (1376, 38)
Date column type: datetime64[ns]
Non-null dates: 0
Min date: NaT
Max date: NaT
Date filter range: None to None
Data date range: NaT to NaT
WARNING: Dates are NaT, skipping date filter
No client filter applied (showing all clients)
Final filtered shape: (1376, 38)
============================================================

============================================================
TIMESTAMP: 2026-02-04 17:46:54.326329
Input df shape: (1376, 38)
Date range: (None, None)
Selected clients: []
After copy: (1376, 38)
Date column type: datetime64[ns]
Non-null dates: 0
Min date: NaT
Max date: NaT
Date filter range: None to None
Data date range: NaT to NaT
WARNING: Dates are NaT, skipping date filter
No client filter applied (showing all clients)
Final filtered shape: (1376, 38)
============================================================

============================================================
TIMESTAMP: 2026-02-04 17:46:56.000875
Input df shape: (1376, 38)
Date range: (None, None)
Selected clients: []
After copy: (1376, 38)
Date column type: datetime64[ns]
Non-null dates: 0
Min date: NaT
Max date: NaT
Date filter range: None to None
Data date range: NaT to NaT
WARNING: Dates are NaT, skipping date filter
No client filter applied (showing all clients)
Final filtered shape: (1376, 38)
============================================================

============================================================
TIMESTAMP: 2026-02-04 17:46:56.018307
Input df shape: (1376, 38)
Date range: (None, None)
Selected clients: []
After copy: (1376, 38)
Date column type: datetime64[ns]
Non-null dates: 0
Min date: NaT
Max date: NaT
Date filter range: None to None
Data date range: NaT to NaT
WARNING: Dates are NaT, skipping date filter
No client filter applied (showing all clients)
Final filtered shape: (1376, 38)
============================================================

============================================================
TIMESTAMP: 2026-02-04 17:46:56.046764
Input df shape: (1376, 38)
Date range: (None, None)
Selected clients: []
After copy: (1376, 38)
Date column type: datetime64[ns]
Non-null dates: 0
Min date: NaT
Max date: NaT
Date filter range: None to None
Data date range: NaT to NaT
WARNING: Dates are NaT, skipping date filter
No client filter applied (showing all clients)
Final filtered shape: (1376, 38)
============================================================

============================================================
TIMESTAMP: 2026-02-04 17:46:56.095203
Input df shape: (1376, 38)
Date range: (None, None)
Selected clients: []
After copy: (1376, 38)
Date column type: datetime64[ns]
Non-null dates: 0
Min date: NaT
Max date: NaT
Date filter range: None to None
Data date range: NaT to NaT
WARNING: Dates are NaT, skipping date filter
No client filter applied (showing all clients)
Final filtered shape: (1376, 38)
============================================================

============================================================
TIMESTAMP: 2026-02-04 17:46:56.134659
Input df shape: (1376, 38)
Date range: (None, None)
Selected clients: []
After copy: (1376, 38)
Date column type: datetime64[ns]
Non-null dates: 0
Min date: NaT
Max date: NaT
Date filter range: None to None
Data date range: NaT to NaT
WARNING: Dates are NaT, skipping date filter
No client filter applied (showing all clients)
Final filtered shape: (1376, 38)
============================================================

============================================================
TIMESTAMP: 2026-02-04 17:47:41.168515
Input df shape: (1376, 38)
Date range: (None, None)
Selected clients: []
After copy: (1376, 38)
Date column type: datetime64[ns]
Non-null dates: 0
Min date: NaT
Max date: NaT
Date filter range: None to None
Data date range: NaT to NaT
WARNING: Dates are NaT, skipping date filter
No client filter applied (showing all clients)
Final filtered shape: (1376, 38)
============================================================

============================================================
TIMESTAMP: 2026-02-04 17:47:41.207434
Input df shape: (1376, 38)
Date range: (None, None)
Selected clients: []
After copy: (1376, 38)
Date column type: datetime64[ns]
Non-null dates: 0
Min date: NaT
Max date: NaT
Date filter range: None to None
Data date range: NaT to NaT
WARNING: Dates are NaT, skipping date filter
No client filter applied (showing all clients)
Final filtered shape: (1376, 38)
============================================================

============================================================
TIMESTAMP: 2026-02-04 17:47:41.258274
Input df shape: (1376, 38)
Date range: (None, None)
Selected clients: []
After copy: (1376, 38)
Date column type: datetime64[ns]
Non-null dates: 0
Min date: NaT
Max date: NaT
Date filter range: None to None
Data date range: NaT to NaT
WARNING: Dates are NaT, skipping date filter
No client filter applied (showing all clients)
Final filtered shape: (1376, 38)
============================================================

============================================================
TIMESTAMP: 2026-02-04 17:47:41.347004
Input df shape: (1376, 38)
Date range: (None, None)
Selected clients: []
After copy: (1376, 38)
Date column type: datetime64[ns]
Non-null dates: 0
Min date: NaT
Max date: NaT
Date filter range: None to None
Data date range: NaT to NaT
WARNING: Dates are NaT, skipping date filter
No client filter applied (showing all clients)
Final filtered shape: (1376, 38)
============================================================

============================================================
TIMESTAMP: 2026-02-04 17:47:41.369537
Input df shape: (1376, 38)
Date range: (None, None)
Selected clients: []
After copy: (1376, 38)
Date column type: datetime64[ns]
Non-null dates: 0
Min date: NaT
Max date: NaT
Date filter range: None to None
Data date range: NaT to NaT
WARNING: Dates are NaT, skipping date filter
No client filter applied (showing all clients)
Final filtered shape: (1376, 38)
============================================================

============================================================
TIMESTAMP: 2026-02-04 17:47:50.880888
Input df shape: (64747, 109)
Date range: (datetime.date(2025, 1, 4), datetime.date(2026, 12, 1))
Selected clients: []
After copy: (64747, 109)
Date column type: datetime64[ns]
Non-null dates: 31210
Min date: 2025-01-04 00:00:00
Max date: 2026-12-01 00:00:00
Date filter range: 2025-01-04 to 2026-12-01
Data date range: 2025-01-04 00:00:00 to 2026-12-01 00:00:00
After date filter: 31210 rows (removed 33537)
No client filter applied (showing all clients)
Final filtered shape: (31210, 109)
============================================================

============================================================
TIMESTAMP: 2026-02-04 17:47:58.098932
Input df shape: (64747, 109)
Date range: (datetime.date(2025, 1, 4), datetime.date(2026, 12, 1))
Selected clients: []
After copy: (64747, 109)
Date column type: datetime64[ns]
Non-null dates: 31210
Min date: 2025-01-04 00:00:00
Max date: 2026-12-01 00:00:00
Date filter range: 2025-01-04 to 2026-12-01
Data date range: 2025-01-04 00:00:00 to 2026-12-01 00:00:00
After date filter: 31210 rows (removed 33537)
No client filter applied (showing all clients)
Final filtered shape: (31210, 109)
============================================================

============================================================
TIMESTAMP: 2026-02-04 17:47:58.456777
Input df shape: (64747, 109)
Date range: (datetime.date(2025, 1, 4), datetime.date(2026, 12, 1))
Selected clients: []
After copy: (64747, 109)
Date column type: datetime64[ns]
Non-null dates: 31210
Min date: 2025-01-04 00:00:00
Max date: 2026-12-01 00:00:00
Date filter range: 2025-01-04 to 2026-12-01
Data date range: 2025-01-04 00:00:00 to 2026-12-01 00:00:00
After date filter: 31210 rows (removed 33537)
No client filter applied (showing all clients)
Final filtered shape: (31210, 109)
============================================================

============================================================
TIMESTAMP: 2026-02-04 17:47:58.912356
Input df shape: (64747, 109)
Date range: (datetime.date(2025, 1, 4), datetime.date(2026, 12, 1))
Selected clients: []
After copy: (64747, 109)
Date column type: datetime64[ns]
Non-null dates: 31210
Min date: 2025-01-04 00:00:00
Max date: 2026-12-01 00:00:00
Date filter range: 2025-01-04 to 2026-12-01
Data date range: 2025-01-04 00:00:00 to 2026-12-01 00:00:00
After date filter: 31210 rows (removed 33537)
No client filter applied (showing all clients)
Final filtered shape: (31210, 109)
============================================================

============================================================
TIMESTAMP: 2026-02-04 17:47:59.448092
Input df shape: (64747, 109)
Date range: (datetime.date(2025, 1, 4), datetime.date(2026, 12, 1))
Selected clients: []
After copy: (64747, 109)
Date column type: datetime64[ns]
Non-null dates: 31210
Min date: 2025-01-04 00:00:00
Max date: 2026-12-01 00:00:00
Date filter range: 2025-01-04 to 2026-12-01
Data date range: 2025-01-04 00:00:00 to 2026-12-01 00:00:00
After date filter: 31210 rows (removed 33537)
No client filter applied (showing all clients)
Final filtered shape: (31210, 109)
============================================================

============================================================
TIMESTAMP: 2026-02-04 17:48:38.877838
Input df shape: (64747, 109)
Date range: (datetime.date(2025, 10, 1),)
Selected clients: []
After copy: (64747, 109)
Date column type: datetime64[ns]
Non-null dates: 31210
Min date: 2025-01-04 00:00:00
Max date: 2026-12-01 00:00:00
No client filter applied (showing all clients)
Final filtered shape: (64747, 109)
============================================================

============================================================
TIMESTAMP: 2026-02-04 17:48:44.038439
Input df shape: (64747, 109)
Date range: (datetime.date(2025, 1, 4), datetime.date(2026, 12, 1))
Selected clients: []
After copy: (64747, 109)
Date column type: datetime64[ns]
Non-null dates: 31210
Min date: 2025-01-04 00:00:00
Max date: 2026-12-01 00:00:00
Date filter range: 2025-01-04 to 2026-12-01
Data date range: 2025-01-04 00:00:00 to 2026-12-01 00:00:00
After date filter: 31210 rows (removed 33537)
No client filter applied (showing all clients)
Final filtered shape: (31210, 109)
============================================================

============================================================
TIMESTAMP: 2026-02-04 17:48:44.671714
Input df shape: (64747, 109)
Date range: (datetime.date(2025, 1, 4), datetime.date(2026, 12, 1))
Selected clients: []
After copy: (64747, 109)
Date column type: datetime64[ns]
Non-null dates: 31210
Min date: 2025-01-04 00:00:00
Max date: 2026-12-01 00:00:00
Date filter range: 2025-01-04 to 2026-12-01
Data date range: 2025-01-04 00:00:00 to 2026-12-01 00:00:00
After date filter: 31210 rows (removed 33537)
No client filter applied (showing all clients)
Final filtered shape: (31210, 109)
============================================================

============================================================
TIMESTAMP: 2026-02-04 17:48:46.518014
Input df shape: (64747, 109)
Date range: (datetime.date(2025, 10, 1), datetime.date(2026, 1, 1))
Selected clients: []
After copy: (64747, 109)
Date column type: datetime64[ns]
Non-null dates: 31210
Min date: 2025-01-04 00:00:00
Max date: 2026-12-01 00:00:00
Date filter range: 2025-10-01 to 2026-01-01
Data date range: 2025-01-04 00:00:00 to 2026-12-01 00:00:00
After date filter: 9319 rows (removed 55428)
No client filter applied (showing all clients)
Final filtered shape: (9319, 109)
============================================================

============================================================
TIMESTAMP: 2026-02-04 17:48:48.800971
Input df shape: (64747, 109)
Date range: (datetime.date(2025, 1, 4), datetime.date(2026, 12, 1))
Selected clients: []
After copy: (64747, 109)
Date column type: datetime64[ns]
Non-null dates: 31210
Min date: 2025-01-04 00:00:00
Max date: 2026-12-01 00:00:00
Date filter range: 2025-01-04 to 2026-12-01
Data date range: 2025-01-04 00:00:00 to 2026-12-01 00:00:00
After date filter: 31210 rows (removed 33537)
No client filter applied (showing all clients)
Final filtered shape: (31210, 109)
============================================================

============================================================
TIMESTAMP: 2026-02-04 17:48:49.496141
Input df shape: (64747, 109)
Date range: (datetime.date(2025, 1, 4), datetime.date(2026, 12, 1))
Selected clients: []
After copy: (64747, 109)
Date column type: datetime64[ns]
Non-null dates: 31210
Min date: 2025-01-04 00:00:00
Max date: 2026-12-01 00:00:00
Date filter range: 2025-01-04 to 2026-12-01
Data date range: 2025-01-04 00:00:00 to 2026-12-01 00:00:00
After date filter: 31210 rows (removed 33537)
No client filter applied (showing all clients)
Final filtered shape: (31210, 109)
============================================================

============================================================
TIMESTAMP: 2026-02-04 17:48:50.100326
Input df shape: (64747, 109)
Date range: (datetime.date(2025, 1, 4), datetime.date(2026, 12, 1))
Selected clients: []
After copy: (64747, 109)
Date column type: datetime64[ns]
Non-null dates: 31210
Min date: 2025-01-04 00:00:00
Max date: 2026-12-01 00:00:00
Date filter range: 2025-01-04 to 2026-12-01
Data date range: 2025-01-04 00:00:00 to 2026-12-01 00:00:00
After date filter: 31210 rows (removed 33537)
No client filter applied (showing all clients)
Final filtered shape: (31210, 109)
============================================================

============================================================
TIMESTAMP: 2026-02-04 17:48:50.724747
Input df shape: (64747, 109)
Date range: (datetime.date(2025, 1, 4), datetime.date(2026, 12, 1))
Selected clients: []
After copy: (64747, 109)
Date column type: datetime64[ns]
Non-null dates: 31210
Min date: 2025-01-04 00:00:00
Max date: 2026-12-01 00:00:00
Date filter range: 2025-01-04 to 2026-12-01
Data date range: 2025-01-04 00:00:00 to 2026-12-01 00:00:00
After date filter: 31210 rows (removed 33537)
No client filter applied (showing all clients)
Final filtered shape: (31210, 109)
============================================================

============================================================
TIMESTAMP: 2026-02-04 17:59:44.641847
Input df shape: (64747, 109)
Date range: (datetime.date(2025, 1, 4), datetime.date(2026, 12, 1))
Selected clients: []
After copy: (64747, 109)
Date column type: datetime64[ns]
Non-null dates: 31210
Min date: 2025-01-04 00:00:00
Max date: 2026-12-01 00:00:00
Date filter range: 2025-01-04 to 2026-12-01
Data date range: 2025-01-04 00:00:00 to 2026-12-01 00:00:00
After date filter: 31210 rows (removed 33537)
No client filter applied (showing all clients)
Final filtered shape: (31210, 109)
============================================================

============================================================
TIMESTAMP: 2026-02-04 17:59:47.449883
Input df shape: (64747, 109)
Date range: (datetime.date(2025, 1, 4), datetime.date(2026, 12, 1))
Selected clients: []
After copy: (64747, 109)
Date column type: datetime64[ns]
Non-null dates: 31210
Min date: 2025-01-04 00:00:00
Max date: 2026-12-01 00:00:00
Date filter range: 2025-01-04 to 2026-12-01
Data date range: 2025-01-04 00:00:00 to 2026-12-01 00:00:00
After date filter: 31210 rows (removed 33537)
No client filter applied (showing all clients)
Final filtered shape: (31210, 109)
============================================================

============================================================
TIMESTAMP: 2026-02-04 17:59:47.670880
Input df shape: (64747, 109)
Date range: (datetime.date(2025, 1, 4), datetime.date(2026, 12, 1))
Selected clients: []
After copy: (64747, 109)
Date column type: datetime64[ns]
Non-null dates: 31210
Min date: 2025-01-04 00:00:00
Max date: 2026-12-01 00:00:00
Date filter range: 2025-01-04 to 2026-12-01
Data date range: 2025-01-04 00:00:00 to 2026-12-01 00:00:00
After date filter: 31210 rows (removed 33537)
No client filter applied (showing all clients)
Final filtered shape: (31210, 109)
============================================================

============================================================
TIMESTAMP: 2026-02-04 17:59:47.933003
Input df shape: (64747, 109)
Date range: (datetime.date(2025, 1, 4), datetime.date(2026, 12, 1))
Selected clients: []
After copy: (64747, 109)
Date column type: datetime64[ns]
Non-null dates: 31210
Min date: 2025-01-04 00:00:00
Max date: 2026-12-01 00:00:00
Date filter range: 2025-01-04 to 2026-12-01
Data date range: 2025-01-04 00:00:00 to 2026-12-01 00:00:00
After date filter: 31210 rows (removed 33537)
No client filter applied (showing all clients)
Final filtered shape: (31210, 109)
============================================================

============================================================
TIMESTAMP: 2026-02-04 17:59:48.330349
Input df shape: (64747, 109)
Date range: (datetime.date(2025, 1, 4), datetime.date(2026, 12, 1))
Selected clients: []
After copy: (64747, 109)
Date column type: datetime64[ns]
Non-null dates: 31210
Min date: 2025-01-04 00:00:00
Max date: 2026-12-01 00:00:00
Date filter range: 2025-01-04 to 2026-12-01
Data date range: 2025-01-04 00:00:00 to 2026-12-01 00:00:00
After date filter: 31210 rows (removed 33537)
No client filter applied (showing all clients)
Final filtered shape: (31210, 109)
============================================================

============================================================
TIMESTAMP: 2026-02-04 18:00:29.076204
Input df shape: (64747, 109)
Date range: (datetime.date(2025, 11, 1),)
Selected clients: []
After copy: (64747, 109)
Date column type: datetime64[ns]
Non-null dates: 31210
Min date: 2025-01-04 00:00:00
Max date: 2026-12-01 00:00:00
No client filter applied (showing all clients)
Final filtered shape: (64747, 109)
============================================================

============================================================
TIMESTAMP: 2026-02-04 18:00:35.895607
Input df shape: (64747, 109)
Date range: (datetime.date(2025, 11, 1), datetime.date(2026, 1, 9))
Selected clients: []
After copy: (64747, 109)
Date column type: datetime64[ns]
Non-null dates: 31210
Min date: 2025-01-04 00:00:00
Max date: 2026-12-01 00:00:00
Date filter range: 2025-11-01 to 2026-01-09
Data date range: 2025-01-04 00:00:00 to 2026-12-01 00:00:00
After date filter: 8860 rows (removed 55887)
No client filter applied (showing all clients)
Final filtered shape: (8860, 109)
============================================================

============================================================
TIMESTAMP: 2026-02-04 18:00:38.770934
Input df shape: (64747, 109)
Date range: (datetime.date(2025, 1, 4), datetime.date(2026, 12, 1))
Selected clients: []
After copy: (64747, 109)
Date column type: datetime64[ns]
Non-null dates: 31210
Min date: 2025-01-04 00:00:00
Max date: 2026-12-01 00:00:00
Date filter range: 2025-01-04 to 2026-12-01
Data date range: 2025-01-04 00:00:00 to 2026-12-01 00:00:00
After date filter: 31210 rows (removed 33537)
No client filter applied (showing all clients)
Final filtered shape: (31210, 109)
============================================================

============================================================
TIMESTAMP: 2026-02-04 18:00:39.439439
Input df shape: (64747, 109)
Date range: (datetime.date(2025, 1, 4), datetime.date(2026, 12, 1))
Selected clients: []
After copy: (64747, 109)
Date column type: datetime64[ns]
Non-null dates: 31210
Min date: 2025-01-04 00:00:00
Max date: 2026-12-01 00:00:00
Date filter range: 2025-01-04 to 2026-12-01
Data date range: 2025-01-04 00:00:00 to 2026-12-01 00:00:00
After date filter: 31210 rows (removed 33537)
No client filter applied (showing all clients)
Final filtered shape: (31210, 109)
============================================================

============================================================
TIMESTAMP: 2026-02-04 18:00:40.107060
Input df shape: (64747, 109)
Date range: (datetime.date(2025, 1, 4), datetime.date(2026, 12, 1))
Selected clients: []
After copy: (64747, 109)
Date column type: datetime64[ns]
Non-null dates: 31210
Min date: 2025-01-04 00:00:00
Max date: 2026-12-01 00:00:00
Date filter range: 2025-01-04 to 2026-12-01
Data date range: 2025-01-04 00:00:00 to 2026-12-01 00:00:00
After date filter: 31210 rows (removed 33537)
No client filter applied (showing all clients)
Final filtered shape: (31210, 109)
============================================================

============================================================
TIMESTAMP: 2026-02-04 18:00:40.933421
Input df shape: (64747, 109)
Date range: (datetime.date(2025, 1, 4), datetime.date(2026, 12, 1))
Selected clients: []
After copy: (64747, 109)
Date column type: datetime64[ns]
Non-null dates: 31210
Min date: 2025-01-04 00:00:00
Max date: 2026-12-01 00:00:00
Date filter range: 2025-01-04 to 2026-12-01
Data date range: 2025-01-04 00:00:00 to 2026-12-01 00:00:00
After date filter: 31210 rows (removed 33537)
No client filter applied (showing all clients)
Final filtered shape: (31210, 109)
============================================================

============================================================
TIMESTAMP: 2026-02-05 11:49:37.733272
Input df shape: (5069, 74)
Date range: (None, None)
Selected clients: []
After copy: (5069, 74)
Date column type: datetime64[ns]
Non-null dates: 0
Min date: NaT
Max date: NaT
Date filter range: None to None
Data date range: NaT to NaT
WARNING: Dates are NaT, skipping date filter
No client filter applied (showing all clients)
Final filtered shape: (5069, 74)
============================================================

============================================================
TIMESTAMP: 2026-02-05 11:49:38.575889
Input df shape: (5069, 74)
Date range: (None, None)
Selected clients: []
After copy: (5069, 74)
Date column type: datetime64[ns]
Non-null dates: 0
Min date: NaT
Max date: NaT
Date filter range: None to None
Data date range: NaT to NaT
WARNING: Dates are NaT, skipping date filter
No client filter applied (showing all clients)
Final filtered shape: (5069, 74)
============================================================

============================================================
TIMESTAMP: 2026-02-05 11:49:38.638497
Input df shape: (5069, 74)
Date range: (None, None)
Selected clients: []
After copy: (5069, 74)
Date column type: datetime64[ns]
Non-null dates: 0
Min date: NaT
Max date: NaT
Date filter range: None to None
Data date range: NaT to NaT
WARNING: Dates are NaT, skipping date filter
No client filter applied (showing all clients)
Final filtered shape: (5069, 74)
============================================================

============================================================
TIMESTAMP: 2026-02-05 11:49:38.710268
Input df shape: (5069, 74)
Date range: (None, None)
Selected clients: []
After copy: (5069, 74)
Date column type: datetime64[ns]
Non-null dates: 0
Min date: NaT
Max date: NaT
Date filter range: None to None
Data date range: NaT to NaT
WARNING: Dates are NaT, skipping date filter
No client filter applied (showing all clients)
Final filtered shape: (5069, 74)
============================================================

============================================================
TIMESTAMP: 2026-02-05 11:49:38.814061
Input df shape: (5069, 74)
Date range: (None, None)
Selected clients: []
After copy: (5069, 74)
Date column type: datetime64[ns]
Non-null dates: 0
Min date: NaT
Max date: NaT
Date filter range: None to None
Data date range: NaT to NaT
WARNING: Dates are NaT, skipping date filter
No client filter applied (showing all clients)
Final filtered shape: (5069, 74)
============================================================

============================================================
TIMESTAMP: 2026-02-05 11:53:01.721694
Input df shape: (5069, 74)
Date range: (None, None)
Selected clients: ['HDFC Life']
After copy: (5069, 74)
Date column type: datetime64[ns]
Non-null dates: 0
Min date: NaT
Max date: NaT
Date filter range: None to None
Data date range: NaT to NaT
WARNING: Dates are NaT, skipping date filter
Applied client filter for 1 clients: ['HDFC Life']
After client filter: 672 rows (removed 4397)
Final filtered shape: (672, 74)
============================================================

============================================================
TIMESTAMP: 2026-02-05 11:53:01.803032
Input df shape: (5069, 74)
Date range: (None, None)
Selected clients: []
After copy: (5069, 74)
Date column type: datetime64[ns]
Non-null dates: 0
Min date: NaT
Max date: NaT
Date filter range: None to None
Data date range: NaT to NaT
WARNING: Dates are NaT, skipping date filter
No client filter applied (showing all clients)
Final filtered shape: (5069, 74)
============================================================

============================================================
TIMESTAMP: 2026-02-05 11:53:01.900166
Input df shape: (5069, 74)
Date range: (None, None)
Selected clients: []
After copy: (5069, 74)
Date column type: datetime64[ns]
Non-null dates: 0
Min date: NaT
Max date: NaT
Date filter range: None to None
Data date range: NaT to NaT
WARNING: Dates are NaT, skipping date filter
No client filter applied (showing all clients)
Final filtered shape: (5069, 74)
============================================================

============================================================
TIMESTAMP: 2026-02-05 11:53:01.977005
Input df shape: (5069, 74)
Date range: (None, None)
Selected clients: []
After copy: (5069, 74)
Date column type: datetime64[ns]
Non-null dates: 0
Min date: NaT
Max date: NaT
Date filter range: None to None
Data date range: NaT to NaT
WARNING: Dates are NaT, skipping date filter
No client filter applied (showing all clients)
Final filtered shape: (5069, 74)
============================================================

============================================================
TIMESTAMP: 2026-02-05 11:53:02.033692
Input df shape: (5069, 74)
Date range: (None, None)
Selected clients: []
After copy: (5069, 74)
Date column type: datetime64[ns]
Non-null dates: 0
Min date: NaT
Max date: NaT
Date filter range: None to None
Data date range: NaT to NaT
WARNING: Dates are NaT, skipping date filter
No client filter applied (showing all clients)
Final filtered shape: (5069, 74)
============================================================

============================================================
TIMESTAMP: 2026-02-05 11:53:04.232866
Input df shape: (5069, 74)
Date range: (None, None)
Selected clients: ['HDFC Life', 'SBI Life']
After copy: (5069, 74)
Date column type: datetime64[ns]
Non-null dates: 0
Min date: NaT
Max date: NaT
Date filter range: None to None
Data date range: NaT to NaT
WARNING: Dates are NaT, skipping date filter
Applied client filter for 2 clients: ['HDFC Life', 'SBI Life']
After client filter: 2048 rows (removed 3021)
Final filtered shape: (2048, 74)
============================================================

============================================================
TIMESTAMP: 2026-02-05 11:53:05.506012
Input df shape: (5069, 74)
Date range: (None, None)
Selected clients: []
After copy: (5069, 74)
Date column type: datetime64[ns]
Non-null dates: 0
Min date: NaT
Max date: NaT
Date filter range: None to None
Data date range: NaT to NaT
WARNING: Dates are NaT, skipping date filter
No client filter applied (showing all clients)
Final filtered shape: (5069, 74)
============================================================

============================================================
TIMESTAMP: 2026-02-05 11:53:05.543125
Input df shape: (5069, 74)
Date range: (None, None)
Selected clients: []
After copy: (5069, 74)
Date column type: datetime64[ns]
Non-null dates: 0
Min date: NaT
Max date: NaT
Date filter range: None to None
Data date range: NaT to NaT
WARNING: Dates are NaT, skipping date filter
No client filter applied (showing all clients)
Final filtered shape: (5069, 74)
============================================================

============================================================
TIMESTAMP: 2026-02-05 11:53:05.602094
Input df shape: (5069, 74)
Date range: (None, None)
Selected clients: []
After copy: (5069, 74)
Date column type: datetime64[ns]
Non-null dates: 0
Min date: NaT
Max date: NaT
Date filter range: None to None
Data date range: NaT to NaT
WARNING: Dates are NaT, skipping date filter
No client filter applied (showing all clients)
Final filtered shape: (5069, 74)
============================================================

============================================================
TIMESTAMP: 2026-02-05 11:53:05.655101
Input df shape: (5069, 74)
Date range: (None, None)
Selected clients: []
After copy: (5069, 74)
Date column type: datetime64[ns]
Non-null dates: 0
Min date: NaT
Max date: NaT
Date filter range: None to None
Data date range: NaT to NaT
WARNING: Dates are NaT, skipping date filter
No client filter applied (showing all clients)
Final filtered shape: (5069, 74)
============================================================

============================================================
TIMESTAMP: 2026-02-05 11:53:15.136677
Input df shape: (5069, 74)
Date range: (None, None)
Selected clients: ['HDFC Life', 'SBI Life']
After copy: (5069, 74)
Date column type: datetime64[ns]
Non-null dates: 0
Min date: NaT
Max date: NaT
Date filter range: None to None
Data date range: NaT to NaT
WARNING: Dates are NaT, skipping date filter
Applied client filter for 2 clients: ['HDFC Life', 'SBI Life']
After client filter: 2048 rows (removed 3021)
Final filtered shape: (2048, 74)
============================================================

============================================================
TIMESTAMP: 2026-02-05 11:53:15.501409
Input df shape: (5069, 74)
Date range: (None, None)
Selected clients: []
After copy: (5069, 74)
Date column type: datetime64[ns]
Non-null dates: 0
Min date: NaT
Max date: NaT
Date filter range: None to None
Data date range: NaT to NaT
WARNING: Dates are NaT, skipping date filter
No client filter applied (showing all clients)
Final filtered shape: (5069, 74)
============================================================

============================================================
TIMESTAMP: 2026-02-05 11:53:15.543164
Input df shape: (5069, 74)
Date range: (None, None)
Selected clients: []
After copy: (5069, 74)
Date column type: datetime64[ns]
Non-null dates: 0
Min date: NaT
Max date: NaT
Date filter range: None to None
Data date range: NaT to NaT
WARNING: Dates are NaT, skipping date filter
No client filter applied (showing all clients)
Final filtered shape: (5069, 74)
============================================================

============================================================
TIMESTAMP: 2026-02-05 11:53:15.583362
Input df shape: (5069, 74)
Date range: (None, None)
Selected clients: []
After copy: (5069, 74)
Date column type: datetime64[ns]
Non-null dates: 0
Min date: NaT
Max date: NaT
Date filter range: None to None
Data date range: NaT to NaT
WARNING: Dates are NaT, skipping date filter
No client filter applied (showing all clients)
Final filtered shape: (5069, 74)
============================================================

============================================================
TIMESTAMP: 2026-02-05 11:53:15.619064
Input df shape: (5069, 74)
Date range: (None, None)
Selected clients: []
After copy: (5069, 74)
Date column type: datetime64[ns]
Non-null dates: 0
Min date: NaT
Max date: NaT
Date filter range: None to None
Data date range: NaT to NaT
WARNING: Dates are NaT, skipping date filter
No client filter applied (showing all clients)
Final filtered shape: (5069, 74)
============================================================

============================================================
TIMESTAMP: 2026-02-05 11:53:15.899534
Input df shape: (5069, 74)
Date range: (None, None)
Selected clients: ['HDFC Life', 'SBI Life']
After copy: (5069, 74)
Date column type: datetime64[ns]
Non-null dates: 0
Min date: NaT
Max date: NaT
Date filter range: None to None
Data date range: NaT to NaT
WARNING: Dates are NaT, skipping date filter
Applied client filter for 2 clients: ['HDFC Life', 'SBI Life']
After client filter: 2048 rows (removed 3021)
Final filtered shape: (2048, 74)
============================================================

============================================================
TIMESTAMP: 2026-02-05 11:53:16.261568
Input df shape: (5069, 74)
Date range: (None, None)
Selected clients: []
After copy: (5069, 74)
Date column type: datetime64[ns]
Non-null dates: 0
Min date: NaT
Max date: NaT
Date filter range: None to None
Data date range: NaT to NaT
WARNING: Dates are NaT, skipping date filter
No client filter applied (showing all clients)
Final filtered shape: (5069, 74)
============================================================

============================================================
TIMESTAMP: 2026-02-05 11:53:16.311399
Input df shape: (5069, 74)
Date range: (None, None)
Selected clients: []
After copy: (5069, 74)
Date column type: datetime64[ns]
Non-null dates: 0
Min date: NaT
Max date: NaT
Date filter range: None to None
Data date range: NaT to NaT
WARNING: Dates are NaT, skipping date filter
No client filter applied (showing all clients)
Final filtered shape: (5069, 74)
============================================================

============================================================
TIMESTAMP: 2026-02-05 11:53:16.373142
Input df shape: (5069, 74)
Date range: (None, None)
Selected clients: []
After copy: (5069, 74)
Date column type: datetime64[ns]
Non-null dates: 0
Min date: NaT
Max date: NaT
Date filter range: None to None
Data date range: NaT to NaT
WARNING: Dates are NaT, skipping date filter
No client filter applied (showing all clients)
Final filtered shape: (5069, 74)
============================================================

============================================================
TIMESTAMP: 2026-02-05 11:53:16.404844
Input df shape: (5069, 74)
Date range: (None, None)
Selected clients: []
After copy: (5069, 74)
Date column type: datetime64[ns]
Non-null dates: 0
Min date: NaT
Max date: NaT
Date filter range: None to None
Data date range: NaT to NaT
WARNING: Dates are NaT, skipping date filter
No client filter applied (showing all clients)
Final filtered shape: (5069, 74)
============================================================

============================================================
TIMESTAMP: 2026-02-05 11:53:16.564643
Input df shape: (5069, 74)
Date range: (None, None)
Selected clients: ['HDFC Life', 'SBI Life']
After copy: (5069, 74)
Date column type: datetime64[ns]
Non-null dates: 0
Min date: NaT
Max date: NaT
Date filter range: None to None
Data date range: NaT to NaT
WARNING: Dates are NaT, skipping date filter
Applied client filter for 2 clients: ['HDFC Life', 'SBI Life']
After client filter: 2048 rows (removed 3021)
Final filtered shape: (2048, 74)
============================================================

============================================================
TIMESTAMP: 2026-02-05 11:53:16.862879
Input df shape: (5069, 74)
Date range: (None, None)
Selected clients: []
After copy: (5069, 74)
Date column type: datetime64[ns]
Non-null dates: 0
Min date: NaT
Max date: NaT
Date filter range: None to None
Data date range: NaT to NaT
WARNING: Dates are NaT, skipping date filter
No client filter applied (showing all clients)
Final filtered shape: (5069, 74)
============================================================

============================================================
TIMESTAMP: 2026-02-05 11:53:16.901461
Input df shape: (5069, 74)
Date range: (None, None)
Selected clients: []
After copy: (5069, 74)
Date column type: datetime64[ns]
Non-null dates: 0
Min date: NaT
Max date: NaT
Date filter range: None to None
Data date range: NaT to NaT
WARNING: Dates are NaT, skipping date filter
No client filter applied (showing all clients)
Final filtered shape: (5069, 74)
============================================================

============================================================
TIMESTAMP: 2026-02-05 11:53:16.958688
Input df shape: (5069, 74)
Date range: (None, None)
Selected clients: []
After copy: (5069, 74)
Date column type: datetime64[ns]
Non-null dates: 0
Min date: NaT
Max date: NaT
Date filter range: None to None
Data date range: NaT to NaT
WARNING: Dates are NaT, skipping date filter
No client filter applied (showing all clients)
Final filtered shape: (5069, 74)
============================================================

============================================================
TIMESTAMP: 2026-02-05 11:53:16.996030
Input df shape: (5069, 74)
Date range: (None, None)
Selected clients: []
After copy: (5069, 74)
Date column type: datetime64[ns]
Non-null dates: 0
Min date: NaT
Max date: NaT
Date filter range: None to None
Data date range: NaT to NaT
WARNING: Dates are NaT, skipping date filter
No client filter applied (showing all clients)
Final filtered shape: (5069, 74)
============================================================

============================================================
TIMESTAMP: 2026-02-05 11:53:17.617088
Input df shape: (5069, 74)
Date range: (None, None)
Selected clients: ['HDFC Life', 'SBI Life']
After copy: (5069, 74)
Date column type: datetime64[ns]
Non-null dates: 0
Min date: NaT
Max date: NaT
Date filter range: None to None
Data date range: NaT to NaT
WARNING: Dates are NaT, skipping date filter
Applied client filter for 2 clients: ['HDFC Life', 'SBI Life']
After client filter: 2048 rows (removed 3021)
Final filtered shape: (2048, 74)
============================================================

============================================================
TIMESTAMP: 2026-02-05 11:53:17.875658
Input df shape: (5069, 74)
Date range: (None, None)
Selected clients: []
After copy: (5069, 74)
Date column type: datetime64[ns]
Non-null dates: 0
Min date: NaT
Max date: NaT
Date filter range: None to None
Data date range: NaT to NaT
WARNING: Dates are NaT, skipping date filter
No client filter applied (showing all clients)
Final filtered shape: (5069, 74)
============================================================

============================================================
TIMESTAMP: 2026-02-05 11:53:17.927721
Input df shape: (5069, 74)
Date range: (None, None)
Selected clients: []
After copy: (5069, 74)
Date column type: datetime64[ns]
Non-null dates: 0
Min date: NaT
Max date: NaT
Date filter range: None to None
Data date range: NaT to NaT
WARNING: Dates are NaT, skipping date filter
No client filter applied (showing all clients)
Final filtered shape: (5069, 74)
============================================================

============================================================
TIMESTAMP: 2026-02-05 11:53:17.993303
Input df shape: (5069, 74)
Date range: (None, None)
Selected clients: []
After copy: (5069, 74)
Date column type: datetime64[ns]
Non-null dates: 0
Min date: NaT
Max date: NaT
Date filter range: None to None
Data date range: NaT to NaT
WARNING: Dates are NaT, skipping date filter
No client filter applied (showing all clients)
Final filtered shape: (5069, 74)
============================================================

============================================================
TIMESTAMP: 2026-02-05 11:53:18.027482
Input df shape: (5069, 74)
Date range: (None, None)
Selected clients: []
After copy: (5069, 74)
Date column type: datetime64[ns]
Non-null dates: 0
Min date: NaT
Max date: NaT
Date filter range: None to None
Data date range: NaT to NaT
WARNING: Dates are NaT, skipping date filter
No client filter applied (showing all clients)
Final filtered shape: (5069, 74)
============================================================

============================================================
TIMESTAMP: 2026-02-05 11:53:51.747781
Input df shape: (5069, 74)
Date range: (None, None)
Selected clients: ['HDFC Life', 'SBI Life']
After copy: (5069, 74)
Date column type: datetime64[ns]
Non-null dates: 0
Min date: NaT
Max date: NaT
Date filter range: None to None
Data date range: NaT to NaT
WARNING: Dates are NaT, skipping date filter
Applied client filter for 2 clients: ['HDFC Life', 'SBI Life']
After client filter: 2048 rows (removed 3021)
Final filtered shape: (2048, 74)
============================================================

============================================================
TIMESTAMP: 2026-02-05 11:53:52.166929
Input df shape: (5069, 74)
Date range: (None, None)
Selected clients: []
After copy: (5069, 74)
Date column type: datetime64[ns]
Non-null dates: 0
Min date: NaT
Max date: NaT
Date filter range: None to None
Data date range: NaT to NaT
WARNING: Dates are NaT, skipping date filter
No client filter applied (showing all clients)
Final filtered shape: (5069, 74)
============================================================

============================================================
TIMESTAMP: 2026-02-05 11:53:52.209853
Input df shape: (5069, 74)
Date range: (None, None)
Selected clients: []
After copy: (5069, 74)
Date column type: datetime64[ns]
Non-null dates: 0
Min date: NaT
Max date: NaT
Date filter range: None to None
Data date range: NaT to NaT
WARNING: Dates are NaT, skipping date filter
No client filter applied (showing all clients)
Final filtered shape: (5069, 74)
============================================================

============================================================
TIMESTAMP: 2026-02-05 11:53:52.258639
Input df shape: (5069, 74)
Date range: (None, None)
Selected clients: []
After copy: (5069, 74)
Date column type: datetime64[ns]
Non-null dates: 0
Min date: NaT
Max date: NaT
Date filter range: None to None
Data date range: NaT to NaT
WARNING: Dates are NaT, skipping date filter
No client filter applied (showing all clients)
Final filtered shape: (5069, 74)
============================================================

============================================================
TIMESTAMP: 2026-02-05 11:53:52.306488
Input df shape: (5069, 74)
Date range: (None, None)
Selected clients: []
After copy: (5069, 74)
Date column type: datetime64[ns]
Non-null dates: 0
Min date: NaT
Max date: NaT
Date filter range: None to None
Data date range: NaT to NaT
WARNING: Dates are NaT, skipping date filter
No client filter applied (showing all clients)
Final filtered shape: (5069, 74)
============================================================

============================================================
TIMESTAMP: 2026-02-05 11:53:57.540442
Input df shape: (66716, 109)
Date range: (datetime.date(2025, 1, 4), datetime.date(2026, 12, 1))
Selected clients: []
After copy: (66716, 109)
Date column type: datetime64[ns]
Non-null dates: 33179
Min date: 2025-01-04 00:00:00
Max date: 2026-12-01 00:00:00
Date filter range: 2025-01-04 to 2026-12-01
Data date range: 2025-01-04 00:00:00 to 2026-12-01 00:00:00
After date filter: 66716 rows (removed 0)
Kept 33537 rows with NaT dates
No client filter applied (showing all clients)
Final filtered shape: (66716, 109)
============================================================

============================================================
TIMESTAMP: 2026-02-05 11:54:00.191318
Input df shape: (66716, 109)
Date range: (datetime.date(2025, 1, 4), datetime.date(2026, 12, 1))
Selected clients: []
After copy: (66716, 109)
Date column type: datetime64[ns]
Non-null dates: 33179
Min date: 2025-01-04 00:00:00
Max date: 2026-12-01 00:00:00
Date filter range: 2025-01-04 to 2026-12-01
Data date range: 2025-01-04 00:00:00 to 2026-12-01 00:00:00
After date filter: 66716 rows (removed 0)
Kept 33537 rows with NaT dates
No client filter applied (showing all clients)
Final filtered shape: (66716, 109)
============================================================

============================================================
TIMESTAMP: 2026-02-05 11:54:00.512320
Input df shape: (66716, 109)
Date range: (datetime.date(2025, 1, 4), datetime.date(2026, 12, 1))
Selected clients: []
After copy: (66716, 109)
Date column type: datetime64[ns]
Non-null dates: 33179
Min date: 2025-01-04 00:00:00
Max date: 2026-12-01 00:00:00
Date filter range: 2025-01-04 to 2026-12-01
Data date range: 2025-01-04 00:00:00 to 2026-12-01 00:00:00
After date filter: 66716 rows (removed 0)
Kept 33537 rows with NaT dates
No client filter applied (showing all clients)
Final filtered shape: (66716, 109)
============================================================

============================================================
TIMESTAMP: 2026-02-05 11:54:00.869808
Input df shape: (66716, 109)
Date range: (datetime.date(2025, 1, 4), datetime.date(2026, 12, 1))
Selected clients: []
After copy: (66716, 109)
Date column type: datetime64[ns]
Non-null dates: 33179
Min date: 2025-01-04 00:00:00
Max date: 2026-12-01 00:00:00
Date filter range: 2025-01-04 to 2026-12-01
Data date range: 2025-01-04 00:00:00 to 2026-12-01 00:00:00
After date filter: 66716 rows (removed 0)
Kept 33537 rows with NaT dates
No client filter applied (showing all clients)
Final filtered shape: (66716, 109)
============================================================

============================================================
TIMESTAMP: 2026-02-05 11:54:01.230817
Input df shape: (66716, 109)
Date range: (datetime.date(2025, 1, 4), datetime.date(2026, 12, 1))
Selected clients: []
After copy: (66716, 109)
Date column type: datetime64[ns]
Non-null dates: 33179
Min date: 2025-01-04 00:00:00
Max date: 2026-12-01 00:00:00
Date filter range: 2025-01-04 to 2026-12-01
Data date range: 2025-01-04 00:00:00 to 2026-12-01 00:00:00
After date filter: 66716 rows (removed 0)
Kept 33537 rows with NaT dates
No client filter applied (showing all clients)
Final filtered shape: (66716, 109)
============================================================

============================================================
TIMESTAMP: 2026-02-05 11:54:01.661387
Input df shape: (66716, 109)
Date range: (datetime.date(2025, 1, 4), datetime.date(2026, 12, 1))
Selected clients: ['SBI Life']
After copy: (66716, 109)
Date column type: datetime64[ns]
Non-null dates: 33179
Min date: 2025-01-04 00:00:00
Max date: 2026-12-01 00:00:00
Date filter range: 2025-01-04 to 2026-12-01
Data date range: 2025-01-04 00:00:00 to 2026-12-01 00:00:00
After date filter: 66716 rows (removed 0)
Kept 33537 rows with NaT dates
Applied client filter for 1 clients: ['SBI Life']
After client filter: 4917 rows (removed 61799)
Final filtered shape: (4917, 109)
============================================================

============================================================
TIMESTAMP: 2026-02-05 11:54:03.382573
Input df shape: (66716, 109)
Date range: (datetime.date(2025, 1, 4), datetime.date(2026, 12, 1))
Selected clients: []
After copy: (66716, 109)
Date column type: datetime64[ns]
Non-null dates: 33179
Min date: 2025-01-04 00:00:00
Max date: 2026-12-01 00:00:00
Date filter range: 2025-01-04 to 2026-12-01
Data date range: 2025-01-04 00:00:00 to 2026-12-01 00:00:00
After date filter: 66716 rows (removed 0)
Kept 33537 rows with NaT dates
No client filter applied (showing all clients)
Final filtered shape: (66716, 109)
============================================================

============================================================
TIMESTAMP: 2026-02-05 11:54:06.174496
Input df shape: (66716, 109)
Date range: (datetime.date(2025, 1, 4), datetime.date(2026, 12, 1))
Selected clients: []
After copy: (66716, 109)
Date column type: datetime64[ns]
Non-null dates: 33179
Min date: 2025-01-04 00:00:00
Max date: 2026-12-01 00:00:00
Date filter range: 2025-01-04 to 2026-12-01
Data date range: 2025-01-04 00:00:00 to 2026-12-01 00:00:00
After date filter: 66716 rows (removed 0)
Kept 33537 rows with NaT dates
No client filter applied (showing all clients)
Final filtered shape: (66716, 109)
============================================================

============================================================
TIMESTAMP: 2026-02-05 11:54:06.431045
Input df shape: (66716, 109)
Date range: (datetime.date(2025, 1, 4), datetime.date(2026, 12, 1))
Selected clients: []
After copy: (66716, 109)
Date column type: datetime64[ns]
Non-null dates: 33179
Min date: 2025-01-04 00:00:00
Max date: 2026-12-01 00:00:00
Date filter range: 2025-01-04 to 2026-12-01
Data date range: 2025-01-04 00:00:00 to 2026-12-01 00:00:00
After date filter: 66716 rows (removed 0)
Kept 33537 rows with NaT dates
No client filter applied (showing all clients)
Final filtered shape: (66716, 109)
============================================================

============================================================
TIMESTAMP: 2026-02-05 11:54:06.766013
Input df shape: (66716, 109)
Date range: (datetime.date(2025, 1, 4), datetime.date(2026, 12, 1))
Selected clients: []
After copy: (66716, 109)
Date column type: datetime64[ns]
Non-null dates: 33179
Min date: 2025-01-04 00:00:00
Max date: 2026-12-01 00:00:00
Date filter range: 2025-01-04 to 2026-12-01
Data date range: 2025-01-04 00:00:00 to 2026-12-01 00:00:00
After date filter: 66716 rows (removed 0)
Kept 33537 rows with NaT dates
No client filter applied (showing all clients)
Final filtered shape: (66716, 109)
============================================================

============================================================
TIMESTAMP: 2026-02-05 11:54:07.119052
Input df shape: (66716, 109)
Date range: (datetime.date(2025, 1, 4), datetime.date(2026, 12, 1))
Selected clients: []
After copy: (66716, 109)
Date column type: datetime64[ns]
Non-null dates: 33179
Min date: 2025-01-04 00:00:00
Max date: 2026-12-01 00:00:00
Date filter range: 2025-01-04 to 2026-12-01
Data date range: 2025-01-04 00:00:00 to 2026-12-01 00:00:00
After date filter: 66716 rows (removed 0)
Kept 33537 rows with NaT dates
No client filter applied (showing all clients)
Final filtered shape: (66716, 109)
============================================================

============================================================
TIMESTAMP: 2026-02-05 11:55:01.313900
Input df shape: (66716, 109)
Date range: (datetime.date(2025, 1, 4), datetime.date(2026, 12, 1))
Selected clients: []
After copy: (66716, 109)
Date column type: datetime64[ns]
Non-null dates: 33179
Min date: 2025-01-04 00:00:00
Max date: 2026-12-01 00:00:00
Date filter range: 2025-01-04 to 2026-12-01
Data date range: 2025-01-04 00:00:00 to 2026-12-01 00:00:00
After date filter: 66716 rows (removed 0)
Kept 33537 rows with NaT dates
No client filter applied (showing all clients)
Final filtered shape: (66716, 109)
============================================================

============================================================
TIMESTAMP: 2026-02-05 11:55:11.008024
Input df shape: (66716, 109)
Date range: (datetime.date(2025, 1, 4), datetime.date(2026, 12, 1))
Selected clients: []
After copy: (66716, 109)
Date column type: datetime64[ns]
Non-null dates: 33179
Min date: 2025-01-04 00:00:00
Max date: 2026-12-01 00:00:00
Date filter range: 2025-01-04 to 2026-12-01
Data date range: 2025-01-04 00:00:00 to 2026-12-01 00:00:00
After date filter: 66716 rows (removed 0)
Kept 33537 rows with NaT dates
No client filter applied (showing all clients)
Final filtered shape: (66716, 109)
============================================================

============================================================
TIMESTAMP: 2026-02-05 11:55:30.843368
Input df shape: (1376, 38)
Date range: (None, None)
Selected clients: []
After copy: (1376, 38)
Date column type: datetime64[ns]
Non-null dates: 0
Min date: NaT
Max date: NaT
Date filter range: None to None
Data date range: NaT to NaT
WARNING: Dates are NaT, skipping date filter
No client filter applied (showing all clients)
Final filtered shape: (1376, 38)
============================================================

============================================================
TIMESTAMP: 2026-02-05 11:55:44.034845
Input df shape: (1376, 38)
Date range: (None, None)
Selected clients: []
After copy: (1376, 38)
Date column type: datetime64[ns]
Non-null dates: 0
Min date: NaT
Max date: NaT
Date filter range: None to None
Data date range: NaT to NaT
WARNING: Dates are NaT, skipping date filter
No client filter applied (showing all clients)
Final filtered shape: (1376, 38)
============================================================

============================================================
TIMESTAMP: 2026-02-05 11:55:44.330298
Input df shape: (1376, 38)
Date range: (None, None)
Selected clients: []
After copy: (1376, 38)
Date column type: datetime64[ns]
Non-null dates: 0
Min date: NaT
Max date: NaT
Date filter range: None to None
Data date range: NaT to NaT
WARNING: Dates are NaT, skipping date filter
No client filter applied (showing all clients)
Final filtered shape: (1376, 38)
============================================================

============================================================
TIMESTAMP: 2026-02-05 11:55:46.910238
Input df shape: (1376, 38)
Date range: (None, None)
Selected clients: []
After copy: (1376, 38)
Date column type: datetime64[ns]
Non-null dates: 0
Min date: NaT
Max date: NaT
Date filter range: None to None
Data date range: NaT to NaT
WARNING: Dates are NaT, skipping date filter
No client filter applied (showing all clients)
Final filtered shape: (1376, 38)
============================================================

============================================================
TIMESTAMP: 2026-02-05 11:55:47.096208
Input df shape: (1376, 38)
Date range: (None, None)
Selected clients: []
After copy: (1376, 38)
Date column type: datetime64[ns]
Non-null dates: 0
Min date: NaT
Max date: NaT
Date filter range: None to None
Data date range: NaT to NaT
WARNING: Dates are NaT, skipping date filter
No client filter applied (showing all clients)
Final filtered shape: (1376, 38)
============================================================

============================================================
TIMESTAMP: 2026-02-05 11:58:57.180225
Input df shape: (1376, 38)
Date range: (None, None)
Selected clients: []
After copy: (1376, 38)
Date column type: datetime64[ns]
Non-null dates: 0
Min date: NaT
Max date: NaT
Date filter range: None to None
Data date range: NaT to NaT
WARNING: Dates are NaT, skipping date filter
No client filter applied (showing all clients)
Final filtered shape: (1376, 38)
============================================================

============================================================
TIMESTAMP: 2026-02-05 11:58:57.616197
Input df shape: (1376, 38)
Date range: (None, None)
Selected clients: []
After copy: (1376, 38)
Date column type: datetime64[ns]
Non-null dates: 0
Min date: NaT
Max date: NaT
Date filter range: None to None
Data date range: NaT to NaT
WARNING: Dates are NaT, skipping date filter
No client filter applied (showing all clients)
Final filtered shape: (1376, 38)
============================================================

============================================================
TIMESTAMP: 2026-02-05 11:58:57.634908
Input df shape: (1376, 38)
Date range: (None, None)
Selected clients: []
After copy: (1376, 38)
Date column type: datetime64[ns]
Non-null dates: 0
Min date: NaT
Max date: NaT
Date filter range: None to None
Data date range: NaT to NaT
WARNING: Dates are NaT, skipping date filter
No client filter applied (showing all clients)
Final filtered shape: (1376, 38)
============================================================

============================================================
TIMESTAMP: 2026-02-05 11:58:57.697667
Input df shape: (1376, 38)
Date range: (None, None)
Selected clients: []
After copy: (1376, 38)
Date column type: datetime64[ns]
Non-null dates: 0
Min date: NaT
Max date: NaT
Date filter range: None to None
Data date range: NaT to NaT
WARNING: Dates are NaT, skipping date filter
No client filter applied (showing all clients)
Final filtered shape: (1376, 38)
============================================================

============================================================
TIMESTAMP: 2026-02-05 11:58:57.737740
Input df shape: (1376, 38)
Date range: (None, None)
Selected clients: []
After copy: (1376, 38)
Date column type: datetime64[ns]
Non-null dates: 0
Min date: NaT
Max date: NaT
Date filter range: None to None
Data date range: NaT to NaT
WARNING: Dates are NaT, skipping date filter
No client filter applied (showing all clients)
Final filtered shape: (1376, 38)
============================================================

============================================================
TIMESTAMP: 2026-02-05 11:59:05.719233
Input df shape: (1376, 38)
Date range: (None, None)
Selected clients: []
After copy: (1376, 38)
Date column type: datetime64[ns]
Non-null dates: 0
Min date: NaT
Max date: NaT
Date filter range: None to None
Data date range: NaT to NaT
WARNING: Dates are NaT, skipping date filter
No client filter applied (showing all clients)
Final filtered shape: (1376, 38)
============================================================

============================================================
TIMESTAMP: 2026-02-05 11:59:06.156470
Input df shape: (1376, 38)
Date range: (None, None)
Selected clients: []
After copy: (1376, 38)
Date column type: datetime64[ns]
Non-null dates: 0
Min date: NaT
Max date: NaT
Date filter range: None to None
Data date range: NaT to NaT
WARNING: Dates are NaT, skipping date filter
No client filter applied (showing all clients)
Final filtered shape: (1376, 38)
============================================================

============================================================
TIMESTAMP: 2026-02-05 11:59:06.177593
Input df shape: (1376, 38)
Date range: (None, None)
Selected clients: []
After copy: (1376, 38)
Date column type: datetime64[ns]
Non-null dates: 0
Min date: NaT
Max date: NaT
Date filter range: None to None
Data date range: NaT to NaT
WARNING: Dates are NaT, skipping date filter
No client filter applied (showing all clients)
Final filtered shape: (1376, 38)
============================================================

============================================================
TIMESTAMP: 2026-02-05 11:59:06.220841
Input df shape: (1376, 38)
Date range: (None, None)
Selected clients: []
After copy: (1376, 38)
Date column type: datetime64[ns]
Non-null dates: 0
Min date: NaT
Max date: NaT
Date filter range: None to None
Data date range: NaT to NaT
WARNING: Dates are NaT, skipping date filter
No client filter applied (showing all clients)
Final filtered shape: (1376, 38)
============================================================

============================================================
TIMESTAMP: 2026-02-05 11:59:06.238326
Input df shape: (1376, 38)
Date range: (None, None)
Selected clients: []
After copy: (1376, 38)
Date column type: datetime64[ns]
Non-null dates: 0
Min date: NaT
Max date: NaT
Date filter range: None to None
Data date range: NaT to NaT
WARNING: Dates are NaT, skipping date filter
No client filter applied (showing all clients)
Final filtered shape: (1376, 38)
============================================================

============================================================
TIMESTAMP: 2026-02-05 11:59:10.162889
Input df shape: (4916, 38)
Date range: (datetime.date(2025, 12, 12), datetime.date(2026, 1, 7))
Selected clients: []
After copy: (4916, 38)
Date column type: datetime64[ns]
Non-null dates: 4916
Min date: 2025-12-12 00:00:00
Max date: 2026-01-07 00:00:00
Date filter range: 2025-12-12 to 2026-01-07
Data date range: 2025-12-12 00:00:00 to 2026-01-07 00:00:00
After date filter: 4916 rows (removed 0)
Kept 0 rows with NaT dates
No client filter applied (showing all clients)
Final filtered shape: (4916, 38)
============================================================

============================================================
TIMESTAMP: 2026-02-05 11:59:10.780400
Input df shape: (4916, 38)
Date range: (datetime.date(2025, 12, 12), datetime.date(2026, 1, 7))
Selected clients: []
After copy: (4916, 38)
Date column type: datetime64[ns]
Non-null dates: 4916
Min date: 2025-12-12 00:00:00
Max date: 2026-01-07 00:00:00
Date filter range: 2025-12-12 to 2026-01-07
Data date range: 2025-12-12 00:00:00 to 2026-01-07 00:00:00
After date filter: 4916 rows (removed 0)
Kept 0 rows with NaT dates
No client filter applied (showing all clients)
Final filtered shape: (4916, 38)
============================================================

============================================================
TIMESTAMP: 2026-02-05 11:59:10.814245
Input df shape: (4916, 38)
Date range: (datetime.date(2025, 12, 12), datetime.date(2026, 1, 7))
Selected clients: []
After copy: (4916, 38)
Date column type: datetime64[ns]
Non-null dates: 4916
Min date: 2025-12-12 00:00:00
Max date: 2026-01-07 00:00:00
Date filter range: 2025-12-12 to 2026-01-07
Data date range: 2025-12-12 00:00:00 to 2026-01-07 00:00:00
After date filter: 4916 rows (removed 0)
Kept 0 rows with NaT dates
No client filter applied (showing all clients)
Final filtered shape: (4916, 38)
============================================================

============================================================
TIMESTAMP: 2026-02-05 11:59:10.899047
Input df shape: (4916, 38)
Date range: (datetime.date(2025, 12, 12), datetime.date(2026, 1, 7))
Selected clients: []
After copy: (4916, 38)
Date column type: datetime64[ns]
Non-null dates: 4916
Min date: 2025-12-12 00:00:00
Max date: 2026-01-07 00:00:00
Date filter range: 2025-12-12 to 2026-01-07
Data date range: 2025-12-12 00:00:00 to 2026-01-07 00:00:00
After date filter: 4916 rows (removed 0)
Kept 0 rows with NaT dates
No client filter applied (showing all clients)
Final filtered shape: (4916, 38)
============================================================

============================================================
TIMESTAMP: 2026-02-05 11:59:10.938556
Input df shape: (4916, 38)
Date range: (datetime.date(2025, 12, 12), datetime.date(2026, 1, 7))
Selected clients: []
After copy: (4916, 38)
Date column type: datetime64[ns]
Non-null dates: 4916
Min date: 2025-12-12 00:00:00
Max date: 2026-01-07 00:00:00
Date filter range: 2025-12-12 to 2026-01-07
Data date range: 2025-12-12 00:00:00 to 2026-01-07 00:00:00
After date filter: 4916 rows (removed 0)
Kept 0 rows with NaT dates
No client filter applied (showing all clients)
Final filtered shape: (4916, 38)
============================================================

============================================================
TIMESTAMP: 2026-02-05 12:10:21.063452
Input df shape: (4916, 38)
Date range: (datetime.date(2025, 12, 12), datetime.date(2026, 1, 7))
Selected clients: []
After copy: (4916, 38)
Date column type: datetime64[ns]
Non-null dates: 4916
Min date: 2025-12-12 00:00:00
Max date: 2026-01-07 00:00:00
Date filter range: 2025-12-12 to 2026-01-07
Data date range: 2025-12-12 00:00:00 to 2026-01-07 00:00:00
After date filter: 4916 rows (removed 0)
Kept 0 rows with NaT dates
No client filter applied (showing all clients)
Final filtered shape: (4916, 38)
============================================================

============================================================
TIMESTAMP: 2026-02-05 12:10:22.243864
Input df shape: (4916, 38)
Date range: (datetime.date(2025, 12, 12), datetime.date(2026, 1, 7))
Selected clients: []
After copy: (4916, 38)
Date column type: datetime64[ns]
Non-null dates: 4916
Min date: 2025-12-12 00:00:00
Max date: 2026-01-07 00:00:00
Date filter range: 2025-12-12 to 2026-01-07
Data date range: 2025-12-12 00:00:00 to 2026-01-07 00:00:00
After date filter: 4916 rows (removed 0)
Kept 0 rows with NaT dates
No client filter applied (showing all clients)
Final filtered shape: (4916, 38)
============================================================

============================================================
TIMESTAMP: 2026-02-05 12:10:22.310981
Input df shape: (4916, 38)
Date range: (datetime.date(2025, 12, 12), datetime.date(2026, 1, 7))
Selected clients: []
After copy: (4916, 38)
Date column type: datetime64[ns]
Non-null dates: 4916
Min date: 2025-12-12 00:00:00
Max date: 2026-01-07 00:00:00
Date filter range: 2025-12-12 to 2026-01-07
Data date range: 2025-12-12 00:00:00 to 2026-01-07 00:00:00
After date filter: 4916 rows (removed 0)
Kept 0 rows with NaT dates
No client filter applied (showing all clients)
Final filtered shape: (4916, 38)
============================================================

============================================================
TIMESTAMP: 2026-02-05 12:10:22.641453
Input df shape: (4916, 38)
Date range: (datetime.date(2025, 12, 12), datetime.date(2026, 1, 7))
Selected clients: []
After copy: (4916, 38)
Date column type: datetime64[ns]
Non-null dates: 4916
Min date: 2025-12-12 00:00:00
Max date: 2026-01-07 00:00:00
Date filter range: 2025-12-12 to 2026-01-07
Data date range: 2025-12-12 00:00:00 to 2026-01-07 00:00:00
After date filter: 4916 rows (removed 0)
Kept 0 rows with NaT dates
No client filter applied (showing all clients)
Final filtered shape: (4916, 38)
============================================================

============================================================
TIMESTAMP: 2026-02-05 12:10:22.749485
Input df shape: (4916, 38)
Date range: (datetime.date(2025, 12, 12), datetime.date(2026, 1, 7))
Selected clients: []
After copy: (4916, 38)
Date column type: datetime64[ns]
Non-null dates: 4916
Min date: 2025-12-12 00:00:00
Max date: 2026-01-07 00:00:00
Date filter range: 2025-12-12 to 2026-01-07
Data date range: 2025-12-12 00:00:00 to 2026-01-07 00:00:00
After date filter: 4916 rows (removed 0)
Kept 0 rows with NaT dates
No client filter applied (showing all clients)
Final filtered shape: (4916, 38)
============================================================

============================================================
TIMESTAMP: 2026-02-05 12:10:26.625841
Input df shape: (4916, 38)
Date range: (datetime.date(2025, 12, 12), datetime.date(2026, 1, 7))
Selected clients: []
After copy: (4916, 38)
Date column type: datetime64[ns]
Non-null dates: 4916
Min date: 2025-12-12 00:00:00
Max date: 2026-01-07 00:00:00
Date filter range: 2025-12-12 to 2026-01-07
Data date range: 2025-12-12 00:00:00 to 2026-01-07 00:00:00
After date filter: 4916 rows (removed 0)
Kept 0 rows with NaT dates
No client filter applied (showing all clients)
Final filtered shape: (4916, 38)
============================================================

============================================================
TIMESTAMP: 2026-02-05 12:10:27.152356
Input df shape: (4916, 38)
Date range: (datetime.date(2025, 12, 12), datetime.date(2026, 1, 7))
Selected clients: []
After copy: (4916, 38)
Date column type: datetime64[ns]
Non-null dates: 4916
Min date: 2025-12-12 00:00:00
Max date: 2026-01-07 00:00:00
Date filter range: 2025-12-12 to 2026-01-07
Data date range: 2025-12-12 00:00:00 to 2026-01-07 00:00:00
After date filter: 4916 rows (removed 0)
Kept 0 rows with NaT dates
No client filter applied (showing all clients)
Final filtered shape: (4916, 38)
============================================================

============================================================
TIMESTAMP: 2026-02-05 12:10:27.180770
Input df shape: (4916, 38)
Date range: (datetime.date(2025, 12, 12), datetime.date(2026, 1, 7))
Selected clients: []
After copy: (4916, 38)
Date column type: datetime64[ns]
Non-null dates: 4916
Min date: 2025-12-12 00:00:00
Max date: 2026-01-07 00:00:00
Date filter range: 2025-12-12 to 2026-01-07
Data date range: 2025-12-12 00:00:00 to 2026-01-07 00:00:00
After date filter: 4916 rows (removed 0)
Kept 0 rows with NaT dates
No client filter applied (showing all clients)
Final filtered shape: (4916, 38)
============================================================

============================================================
TIMESTAMP: 2026-02-05 12:10:27.257796
Input df shape: (4916, 38)
Date range: (datetime.date(2025, 12, 12), datetime.date(2026, 1, 7))
Selected clients: []
After copy: (4916, 38)
Date column type: datetime64[ns]
Non-null dates: 4916
Min date: 2025-12-12 00:00:00
Max date: 2026-01-07 00:00:00
Date filter range: 2025-12-12 to 2026-01-07
Data date range: 2025-12-12 00:00:00 to 2026-01-07 00:00:00
After date filter: 4916 rows (removed 0)
Kept 0 rows with NaT dates
No client filter applied (showing all clients)
Final filtered shape: (4916, 38)
============================================================

============================================================
TIMESTAMP: 2026-02-05 12:10:27.306974
Input df shape: (4916, 38)
Date range: (datetime.date(2025, 12, 12), datetime.date(2026, 1, 7))
Selected clients: []
After copy: (4916, 38)
Date column type: datetime64[ns]
Non-null dates: 4916
Min date: 2025-12-12 00:00:00
Max date: 2026-01-07 00:00:00
Date filter range: 2025-12-12 to 2026-01-07
Data date range: 2025-12-12 00:00:00 to 2026-01-07 00:00:00
After date filter: 4916 rows (removed 0)
Kept 0 rows with NaT dates
No client filter applied (showing all clients)
Final filtered shape: (4916, 38)
============================================================

============================================================
TIMESTAMP: 2026-02-05 12:10:30.535237
Input df shape: (507, 51)
Date range: (datetime.date(2025, 12, 3), datetime.date(2026, 2, 3))
Selected clients: []
After copy: (507, 51)
Date column type: datetime64[ns]
Non-null dates: 507
Min date: 2025-12-03 00:00:00
Max date: 2026-02-03 00:00:00
Date filter range: 2025-12-03 to 2026-02-03
Data date range: 2025-12-03 00:00:00 to 2026-02-03 00:00:00
After date filter: 507 rows (removed 0)
Kept 0 rows with NaT dates
No client filter applied (showing all clients)
Final filtered shape: (507, 51)
============================================================

============================================================
TIMESTAMP: 2026-02-05 12:10:30.813295
Input df shape: (507, 51)
Date range: (datetime.date(2025, 12, 3), datetime.date(2026, 2, 3))
Selected clients: []
After copy: (507, 51)
Date column type: datetime64[ns]
Non-null dates: 507
Min date: 2025-12-03 00:00:00
Max date: 2026-02-03 00:00:00
Date filter range: 2025-12-03 to 2026-02-03
Data date range: 2025-12-03 00:00:00 to 2026-02-03 00:00:00
After date filter: 507 rows (removed 0)
Kept 0 rows with NaT dates
No client filter applied (showing all clients)
Final filtered shape: (507, 51)
============================================================

============================================================
TIMESTAMP: 2026-02-05 12:10:30.861205
Input df shape: (507, 51)
Date range: (datetime.date(2025, 12, 3), datetime.date(2026, 2, 3))
Selected clients: []
After copy: (507, 51)
Date column type: datetime64[ns]
Non-null dates: 507
Min date: 2025-12-03 00:00:00
Max date: 2026-02-03 00:00:00
Date filter range: 2025-12-03 to 2026-02-03
Data date range: 2025-12-03 00:00:00 to 2026-02-03 00:00:00
After date filter: 507 rows (removed 0)
Kept 0 rows with NaT dates
No client filter applied (showing all clients)
Final filtered shape: (507, 51)
============================================================

============================================================
TIMESTAMP: 2026-02-05 12:10:30.881253
Input df shape: (507, 51)
Date range: (datetime.date(2025, 12, 3), datetime.date(2026, 2, 3))
Selected clients: []
After copy: (507, 51)
Date column type: datetime64[ns]
Non-null dates: 507
Min date: 2025-12-03 00:00:00
Max date: 2026-02-03 00:00:00
Date filter range: 2025-12-03 to 2026-02-03
Data date range: 2025-12-03 00:00:00 to 2026-02-03 00:00:00
After date filter: 507 rows (removed 0)
Kept 0 rows with NaT dates
No client filter applied (showing all clients)
Final filtered shape: (507, 51)
============================================================

============================================================
TIMESTAMP: 2026-02-05 12:10:30.904986
Input df shape: (507, 51)
Date range: (datetime.date(2025, 12, 3), datetime.date(2026, 2, 3))
Selected clients: []
After copy: (507, 51)
Date column type: datetime64[ns]
Non-null dates: 507
Min date: 2025-12-03 00:00:00
Max date: 2026-02-03 00:00:00
Date filter range: 2025-12-03 to 2026-02-03
Data date range: 2025-12-03 00:00:00 to 2026-02-03 00:00:00
After date filter: 507 rows (removed 0)
Kept 0 rows with NaT dates
No client filter applied (showing all clients)
Final filtered shape: (507, 51)
============================================================

============================================================
TIMESTAMP: 2026-02-05 12:10:36.337974
Input df shape: (507, 51)
Date range: (datetime.date(2025, 12, 3), datetime.date(2026, 2, 3))
Selected clients: []
After copy: (507, 51)
Date column type: datetime64[ns]
Non-null dates: 507
Min date: 2025-12-03 00:00:00
Max date: 2026-02-03 00:00:00
Date filter range: 2025-12-03 to 2026-02-03
Data date range: 2025-12-03 00:00:00 to 2026-02-03 00:00:00
After date filter: 507 rows (removed 0)
Kept 0 rows with NaT dates
No client filter applied (showing all clients)
Final filtered shape: (507, 51)
============================================================

============================================================
TIMESTAMP: 2026-02-05 12:10:36.541922
Input df shape: (507, 51)
Date range: (datetime.date(2025, 12, 3), datetime.date(2026, 2, 3))
Selected clients: []
After copy: (507, 51)
Date column type: datetime64[ns]
Non-null dates: 507
Min date: 2025-12-03 00:00:00
Max date: 2026-02-03 00:00:00
Date filter range: 2025-12-03 to 2026-02-03
Data date range: 2025-12-03 00:00:00 to 2026-02-03 00:00:00
After date filter: 507 rows (removed 0)
Kept 0 rows with NaT dates
No client filter applied (showing all clients)
Final filtered shape: (507, 51)
============================================================

============================================================
TIMESTAMP: 2026-02-05 12:10:36.576846
Input df shape: (507, 51)
Date range: (datetime.date(2025, 12, 3), datetime.date(2026, 2, 3))
Selected clients: []
After copy: (507, 51)
Date column type: datetime64[ns]
Non-null dates: 507
Min date: 2025-12-03 00:00:00
Max date: 2026-02-03 00:00:00
Date filter range: 2025-12-03 to 2026-02-03
Data date range: 2025-12-03 00:00:00 to 2026-02-03 00:00:00
After date filter: 507 rows (removed 0)
Kept 0 rows with NaT dates
No client filter applied (showing all clients)
Final filtered shape: (507, 51)
============================================================

============================================================
TIMESTAMP: 2026-02-05 12:10:36.594164
Input df shape: (507, 51)
Date range: (datetime.date(2025, 12, 3), datetime.date(2026, 2, 3))
Selected clients: []
After copy: (507, 51)
Date column type: datetime64[ns]
Non-null dates: 507
Min date: 2025-12-03 00:00:00
Max date: 2026-02-03 00:00:00
Date filter range: 2025-12-03 to 2026-02-03
Data date range: 2025-12-03 00:00:00 to 2026-02-03 00:00:00
After date filter: 507 rows (removed 0)
Kept 0 rows with NaT dates
No client filter applied (showing all clients)
Final filtered shape: (507, 51)
============================================================

============================================================
TIMESTAMP: 2026-02-05 12:10:36.613448
Input df shape: (507, 51)
Date range: (datetime.date(2025, 12, 3), datetime.date(2026, 2, 3))
Selected clients: []
After copy: (507, 51)
Date column type: datetime64[ns]
Non-null dates: 507
Min date: 2025-12-03 00:00:00
Max date: 2026-02-03 00:00:00
Date filter range: 2025-12-03 to 2026-02-03
Data date range: 2025-12-03 00:00:00 to 2026-02-03 00:00:00
After date filter: 507 rows (removed 0)
Kept 0 rows with NaT dates
No client filter applied (showing all clients)
Final filtered shape: (507, 51)
============================================================

============================================================
TIMESTAMP: 2026-02-05 12:10:38.736972
Input df shape: (507, 51)
Date range: (datetime.date(2025, 12, 3), datetime.date(2026, 2, 3))
Selected clients: []
After copy: (507, 51)
Date column type: datetime64[ns]
Non-null dates: 507
Min date: 2025-12-03 00:00:00
Max date: 2026-02-03 00:00:00
Date filter range: 2025-12-03 to 2026-02-03
Data date range: 2025-12-03 00:00:00 to 2026-02-03 00:00:00
After date filter: 507 rows (removed 0)
Kept 0 rows with NaT dates
No client filter applied (showing all clients)
Final filtered shape: (507, 51)
============================================================

============================================================
TIMESTAMP: 2026-02-05 12:10:38.984695
Input df shape: (507, 51)
Date range: (datetime.date(2025, 12, 3), datetime.date(2026, 2, 3))
Selected clients: []
After copy: (507, 51)
Date column type: datetime64[ns]
Non-null dates: 507
Min date: 2025-12-03 00:00:00
Max date: 2026-02-03 00:00:00
Date filter range: 2025-12-03 to 2026-02-03
Data date range: 2025-12-03 00:00:00 to 2026-02-03 00:00:00
After date filter: 507 rows (removed 0)
Kept 0 rows with NaT dates
No client filter applied (showing all clients)
Final filtered shape: (507, 51)
============================================================

============================================================
TIMESTAMP: 2026-02-05 12:10:39.024582
Input df shape: (507, 51)
Date range: (datetime.date(2025, 12, 3), datetime.date(2026, 2, 3))
Selected clients: []
After copy: (507, 51)
Date column type: datetime64[ns]
Non-null dates: 507
Min date: 2025-12-03 00:00:00
Max date: 2026-02-03 00:00:00
Date filter range: 2025-12-03 to 2026-02-03
Data date range: 2025-12-03 00:00:00 to 2026-02-03 00:00:00
After date filter: 507 rows (removed 0)
Kept 0 rows with NaT dates
No client filter applied (showing all clients)
Final filtered shape: (507, 51)
============================================================

============================================================
TIMESTAMP: 2026-02-05 12:10:39.051640
Input df shape: (507, 51)
Date range: (datetime.date(2025, 12, 3), datetime.date(2026, 2, 3))
Selected clients: []
After copy: (507, 51)
Date column type: datetime64[ns]
Non-null dates: 507
Min date: 2025-12-03 00:00:00
Max date: 2026-02-03 00:00:00
Date filter range: 2025-12-03 to 2026-02-03
Data date range: 2025-12-03 00:00:00 to 2026-02-03 00:00:00
After date filter: 507 rows (removed 0)
Kept 0 rows with NaT dates
No client filter applied (showing all clients)
Final filtered shape: (507, 51)
============================================================

============================================================
TIMESTAMP: 2026-02-05 12:10:39.076628
Input df shape: (507, 51)
Date range: (datetime.date(2025, 12, 3), datetime.date(2026, 2, 3))
Selected clients: []
After copy: (507, 51)
Date column type: datetime64[ns]
Non-null dates: 507
Min date: 2025-12-03 00:00:00
Max date: 2026-02-03 00:00:00
Date filter range: 2025-12-03 to 2026-02-03
Data date range: 2025-12-03 00:00:00 to 2026-02-03 00:00:00
After date filter: 507 rows (removed 0)
Kept 0 rows with NaT dates
No client filter applied (showing all clients)
Final filtered shape: (507, 51)
============================================================

============================================================
TIMESTAMP: 2026-02-05 12:14:39.793679
Input df shape: (507, 51)
Date range: (datetime.date(2025, 12, 3), datetime.date(2026, 2, 3))
Selected clients: []
After copy: (507, 51)
Date column type: datetime64[ns]
Non-null dates: 507
Min date: 2025-12-03 00:00:00
Max date: 2026-02-03 00:00:00
Date filter range: 2025-12-03 to 2026-02-03
Data date range: 2025-12-03 00:00:00 to 2026-02-03 00:00:00
After date filter: 507 rows (removed 0)
Kept 0 rows with NaT dates
No client filter applied (showing all clients)
Final filtered shape: (507, 51)
============================================================

============================================================
TIMESTAMP: 2026-02-05 12:14:40.117026
Input df shape: (507, 51)
Date range: (datetime.date(2025, 12, 3), datetime.date(2026, 2, 3))
Selected clients: []
After copy: (507, 51)
Date column type: datetime64[ns]
Non-null dates: 507
Min date: 2025-12-03 00:00:00
Max date: 2026-02-03 00:00:00
Date filter range: 2025-12-03 to 2026-02-03
Data date range: 2025-12-03 00:00:00 to 2026-02-03 00:00:00
After date filter: 507 rows (removed 0)
Kept 0 rows with NaT dates
No client filter applied (showing all clients)
Final filtered shape: (507, 51)
============================================================

============================================================
TIMESTAMP: 2026-02-05 12:14:40.175491
Input df shape: (507, 51)
Date range: (datetime.date(2025, 12, 3), datetime.date(2026, 2, 3))
Selected clients: []
After copy: (507, 51)
Date column type: datetime64[ns]
Non-null dates: 507
Min date: 2025-12-03 00:00:00
Max date: 2026-02-03 00:00:00
Date filter range: 2025-12-03 to 2026-02-03
Data date range: 2025-12-03 00:00:00 to 2026-02-03 00:00:00
After date filter: 507 rows (removed 0)
Kept 0 rows with NaT dates
No client filter applied (showing all clients)
Final filtered shape: (507, 51)
============================================================

============================================================
TIMESTAMP: 2026-02-05 12:14:40.199859
Input df shape: (507, 51)
Date range: (datetime.date(2025, 12, 3), datetime.date(2026, 2, 3))
Selected clients: []
After copy: (507, 51)
Date column type: datetime64[ns]
Non-null dates: 507
Min date: 2025-12-03 00:00:00
Max date: 2026-02-03 00:00:00
Date filter range: 2025-12-03 to 2026-02-03
Data date range: 2025-12-03 00:00:00 to 2026-02-03 00:00:00
After date filter: 507 rows (removed 0)
Kept 0 rows with NaT dates
No client filter applied (showing all clients)
Final filtered shape: (507, 51)
============================================================

============================================================
TIMESTAMP: 2026-02-05 12:14:40.228537
Input df shape: (507, 51)
Date range: (datetime.date(2025, 12, 3), datetime.date(2026, 2, 3))
Selected clients: []
After copy: (507, 51)
Date column type: datetime64[ns]
Non-null dates: 507
Min date: 2025-12-03 00:00:00
Max date: 2026-02-03 00:00:00
Date filter range: 2025-12-03 to 2026-02-03
Data date range: 2025-12-03 00:00:00 to 2026-02-03 00:00:00
After date filter: 507 rows (removed 0)
Kept 0 rows with NaT dates
No client filter applied (showing all clients)
Final filtered shape: (507, 51)
============================================================

============================================================
TIMESTAMP: 2026-02-05 12:14:51.194211
Input df shape: (507, 51)
Date range: (datetime.date(2025, 12, 3), datetime.date(2026, 2, 3))
Selected clients: []
After copy: (507, 51)
Date column type: datetime64[ns]
Non-null dates: 507
Min date: 2025-12-03 00:00:00
Max date: 2026-02-03 00:00:00
Date filter range: 2025-12-03 to 2026-02-03
Data date range: 2025-12-03 00:00:00 to 2026-02-03 00:00:00
After date filter: 507 rows (removed 0)
Kept 0 rows with NaT dates
No client filter applied (showing all clients)
Final filtered shape: (507, 51)
============================================================

============================================================
TIMESTAMP: 2026-02-05 12:14:51.437736
Input df shape: (507, 51)
Date range: (datetime.date(2025, 12, 3), datetime.date(2026, 2, 3))
Selected clients: []
After copy: (507, 51)
Date column type: datetime64[ns]
Non-null dates: 507
Min date: 2025-12-03 00:00:00
Max date: 2026-02-03 00:00:00
Date filter range: 2025-12-03 to 2026-02-03
Data date range: 2025-12-03 00:00:00 to 2026-02-03 00:00:00
After date filter: 507 rows (removed 0)
Kept 0 rows with NaT dates
No client filter applied (showing all clients)
Final filtered shape: (507, 51)
============================================================

============================================================
TIMESTAMP: 2026-02-05 12:14:51.480526
Input df shape: (507, 51)
Date range: (datetime.date(2025, 12, 3), datetime.date(2026, 2, 3))
Selected clients: []
After copy: (507, 51)
Date column type: datetime64[ns]
Non-null dates: 507
Min date: 2025-12-03 00:00:00
Max date: 2026-02-03 00:00:00
Date filter range: 2025-12-03 to 2026-02-03
Data date range: 2025-12-03 00:00:00 to 2026-02-03 00:00:00
After date filter: 507 rows (removed 0)
Kept 0 rows with NaT dates
No client filter applied (showing all clients)
Final filtered shape: (507, 51)
============================================================

============================================================
TIMESTAMP: 2026-02-05 12:14:51.501323
Input df shape: (507, 51)
Date range: (datetime.date(2025, 12, 3), datetime.date(2026, 2, 3))
Selected clients: []
After copy: (507, 51)
Date column type: datetime64[ns]
Non-null dates: 507
Min date: 2025-12-03 00:00:00
Max date: 2026-02-03 00:00:00
Date filter range: 2025-12-03 to 2026-02-03
Data date range: 2025-12-03 00:00:00 to 2026-02-03 00:00:00
After date filter: 507 rows (removed 0)
Kept 0 rows with NaT dates
No client filter applied (showing all clients)
Final filtered shape: (507, 51)
============================================================

============================================================
TIMESTAMP: 2026-02-05 12:14:51.525591
Input df shape: (507, 51)
Date range: (datetime.date(2025, 12, 3), datetime.date(2026, 2, 3))
Selected clients: []
After copy: (507, 51)
Date column type: datetime64[ns]
Non-null dates: 507
Min date: 2025-12-03 00:00:00
Max date: 2026-02-03 00:00:00
Date filter range: 2025-12-03 to 2026-02-03
Data date range: 2025-12-03 00:00:00 to 2026-02-03 00:00:00
After date filter: 507 rows (removed 0)
Kept 0 rows with NaT dates
No client filter applied (showing all clients)
Final filtered shape: (507, 51)
============================================================

============================================================
TIMESTAMP: 2026-02-05 12:14:57.079543
Input df shape: (4762, 39)
Date range: (datetime.date(2025, 12, 1), datetime.date(2026, 2, 3))
Selected clients: []
After copy: (4762, 39)
Date column type: datetime64[ns]
Non-null dates: 4762
Min date: 2025-12-01 00:00:00
Max date: 2026-02-03 00:00:00
Date filter range: 2025-12-01 to 2026-02-03
Data date range: 2025-12-01 00:00:00 to 2026-02-03 00:00:00
After date filter: 4762 rows (removed 0)
Kept 0 rows with NaT dates
No client filter applied (showing all clients)
Final filtered shape: (4762, 39)
============================================================

============================================================
TIMESTAMP: 2026-02-05 12:14:57.670850
Input df shape: (4762, 39)
Date range: (datetime.date(2025, 12, 1), datetime.date(2026, 2, 3))
Selected clients: []
After copy: (4762, 39)
Date column type: datetime64[ns]
Non-null dates: 4762
Min date: 2025-12-01 00:00:00
Max date: 2026-02-03 00:00:00
Date filter range: 2025-12-01 to 2026-02-03
Data date range: 2025-12-01 00:00:00 to 2026-02-03 00:00:00
After date filter: 4762 rows (removed 0)
Kept 0 rows with NaT dates
No client filter applied (showing all clients)
Final filtered shape: (4762, 39)
============================================================

============================================================
TIMESTAMP: 2026-02-05 12:14:57.704770
Input df shape: (4762, 39)
Date range: (datetime.date(2025, 12, 1), datetime.date(2026, 2, 3))
Selected clients: []
After copy: (4762, 39)
Date column type: datetime64[ns]
Non-null dates: 4762
Min date: 2025-12-01 00:00:00
Max date: 2026-02-03 00:00:00
Date filter range: 2025-12-01 to 2026-02-03
Data date range: 2025-12-01 00:00:00 to 2026-02-03 00:00:00
After date filter: 4762 rows (removed 0)
Kept 0 rows with NaT dates
No client filter applied (showing all clients)
Final filtered shape: (4762, 39)
============================================================

============================================================
TIMESTAMP: 2026-02-05 12:14:57.751223
Input df shape: (4762, 39)
Date range: (datetime.date(2025, 12, 1), datetime.date(2026, 2, 3))
Selected clients: []
After copy: (4762, 39)
Date column type: datetime64[ns]
Non-null dates: 4762
Min date: 2025-12-01 00:00:00
Max date: 2026-02-03 00:00:00
Date filter range: 2025-12-01 to 2026-02-03
Data date range: 2025-12-01 00:00:00 to 2026-02-03 00:00:00
After date filter: 4762 rows (removed 0)
Kept 0 rows with NaT dates
No client filter applied (showing all clients)
Final filtered shape: (4762, 39)
============================================================

============================================================
TIMESTAMP: 2026-02-05 12:14:57.912506
Input df shape: (4762, 39)
Date range: (datetime.date(2025, 12, 1), datetime.date(2026, 2, 3))
Selected clients: []
After copy: (4762, 39)
Date column type: datetime64[ns]
Non-null dates: 4762
Min date: 2025-12-01 00:00:00
Max date: 2026-02-03 00:00:00
Date filter range: 2025-12-01 to 2026-02-03
Data date range: 2025-12-01 00:00:00 to 2026-02-03 00:00:00
After date filter: 4762 rows (removed 0)
Kept 0 rows with NaT dates
No client filter applied (showing all clients)
Final filtered shape: (4762, 39)
============================================================

============================================================
TIMESTAMP: 2026-02-05 12:20:01.084947
Input df shape: (4762, 39)
Date range: (datetime.date(2025, 12, 1), datetime.date(2026, 2, 3))
Selected clients: []
After copy: (4762, 39)
Date column type: datetime64[ns]
Non-null dates: 4762
Min date: 2025-12-01 00:00:00
Max date: 2026-02-03 00:00:00
Date filter range: 2025-12-01 to 2026-02-03
Data date range: 2025-12-01 00:00:00 to 2026-02-03 00:00:00
After date filter: 4762 rows (removed 0)
Kept 0 rows with NaT dates
No client filter applied (showing all clients)
Final filtered shape: (4762, 39)
============================================================

============================================================
TIMESTAMP: 2026-02-05 12:20:01.980399
Input df shape: (4762, 39)
Date range: (datetime.date(2025, 12, 1), datetime.date(2026, 2, 3))
Selected clients: []
After copy: (4762, 39)
Date column type: datetime64[ns]
Non-null dates: 4762
Min date: 2025-12-01 00:00:00
Max date: 2026-02-03 00:00:00
Date filter range: 2025-12-01 to 2026-02-03
Data date range: 2025-12-01 00:00:00 to 2026-02-03 00:00:00
After date filter: 4762 rows (removed 0)
Kept 0 rows with NaT dates
No client filter applied (showing all clients)
Final filtered shape: (4762, 39)
============================================================

============================================================
TIMESTAMP: 2026-02-05 12:20:02.006525
Input df shape: (4762, 39)
Date range: (datetime.date(2025, 12, 1), datetime.date(2026, 2, 3))
Selected clients: []
After copy: (4762, 39)
Date column type: datetime64[ns]
Non-null dates: 4762
Min date: 2025-12-01 00:00:00
Max date: 2026-02-03 00:00:00
Date filter range: 2025-12-01 to 2026-02-03
Data date range: 2025-12-01 00:00:00 to 2026-02-03 00:00:00
After date filter: 4762 rows (removed 0)
Kept 0 rows with NaT dates
No client filter applied (showing all clients)
Final filtered shape: (4762, 39)
============================================================

============================================================
TIMESTAMP: 2026-02-05 12:20:02.039272
Input df shape: (4762, 39)
Date range: (datetime.date(2025, 12, 1), datetime.date(2026, 2, 3))
Selected clients: []
After copy: (4762, 39)
Date column type: datetime64[ns]
Non-null dates: 4762
Min date: 2025-12-01 00:00:00
Max date: 2026-02-03 00:00:00
Date filter range: 2025-12-01 to 2026-02-03
Data date range: 2025-12-01 00:00:00 to 2026-02-03 00:00:00
After date filter: 4762 rows (removed 0)
Kept 0 rows with NaT dates
No client filter applied (showing all clients)
Final filtered shape: (4762, 39)
============================================================

============================================================
TIMESTAMP: 2026-02-05 12:20:02.144020
Input df shape: (4762, 39)
Date range: (datetime.date(2025, 12, 1), datetime.date(2026, 2, 3))
Selected clients: []
After copy: (4762, 39)
Date column type: datetime64[ns]
Non-null dates: 4762
Min date: 2025-12-01 00:00:00
Max date: 2026-02-03 00:00:00
Date filter range: 2025-12-01 to 2026-02-03
Data date range: 2025-12-01 00:00:00 to 2026-02-03 00:00:00
After date filter: 4762 rows (removed 0)
Kept 0 rows with NaT dates
No client filter applied (showing all clients)
Final filtered shape: (4762, 39)
============================================================

============================================================
TIMESTAMP: 2026-02-05 12:20:07.093800
Input df shape: (4762, 39)
Date range: (datetime.date(2025, 12, 1), datetime.date(2026, 2, 3))
Selected clients: []
After copy: (4762, 39)
Date column type: datetime64[ns]
Non-null dates: 4762
Min date: 2025-12-01 00:00:00
Max date: 2026-02-03 00:00:00
Date filter range: 2025-12-01 to 2026-02-03
Data date range: 2025-12-01 00:00:00 to 2026-02-03 00:00:00
After date filter: 4762 rows (removed 0)
Kept 0 rows with NaT dates
No client filter applied (showing all clients)
Final filtered shape: (4762, 39)
============================================================

============================================================
TIMESTAMP: 2026-02-05 12:20:07.888959
Input df shape: (4762, 39)
Date range: (datetime.date(2025, 12, 1), datetime.date(2026, 2, 3))
Selected clients: []
After copy: (4762, 39)
Date column type: datetime64[ns]
Non-null dates: 4762
Min date: 2025-12-01 00:00:00
Max date: 2026-02-03 00:00:00
Date filter range: 2025-12-01 to 2026-02-03
Data date range: 2025-12-01 00:00:00 to 2026-02-03 00:00:00
After date filter: 4762 rows (removed 0)
Kept 0 rows with NaT dates
No client filter applied (showing all clients)
Final filtered shape: (4762, 39)
============================================================

============================================================
TIMESTAMP: 2026-02-05 12:20:07.973696
Input df shape: (4762, 39)
Date range: (datetime.date(2025, 12, 1), datetime.date(2026, 2, 3))
Selected clients: []
After copy: (4762, 39)
Date column type: datetime64[ns]
Non-null dates: 4762
Min date: 2025-12-01 00:00:00
Max date: 2026-02-03 00:00:00
Date filter range: 2025-12-01 to 2026-02-03
Data date range: 2025-12-01 00:00:00 to 2026-02-03 00:00:00
After date filter: 4762 rows (removed 0)
Kept 0 rows with NaT dates
No client filter applied (showing all clients)
Final filtered shape: (4762, 39)
============================================================

============================================================
TIMESTAMP: 2026-02-05 12:20:08.057553
Input df shape: (4762, 39)
Date range: (datetime.date(2025, 12, 1), datetime.date(2026, 2, 3))
Selected clients: []
After copy: (4762, 39)
Date column type: datetime64[ns]
Non-null dates: 4762
Min date: 2025-12-01 00:00:00
Max date: 2026-02-03 00:00:00
Date filter range: 2025-12-01 to 2026-02-03
Data date range: 2025-12-01 00:00:00 to 2026-02-03 00:00:00
After date filter: 4762 rows (removed 0)
Kept 0 rows with NaT dates
No client filter applied (showing all clients)
Final filtered shape: (4762, 39)
============================================================

============================================================
TIMESTAMP: 2026-02-05 12:20:08.309302
Input df shape: (4762, 39)
Date range: (datetime.date(2025, 12, 1), datetime.date(2026, 2, 3))
Selected clients: []
After copy: (4762, 39)
Date column type: datetime64[ns]
Non-null dates: 4762
Min date: 2025-12-01 00:00:00
Max date: 2026-02-03 00:00:00
Date filter range: 2025-12-01 to 2026-02-03
Data date range: 2025-12-01 00:00:00 to 2026-02-03 00:00:00
After date filter: 4762 rows (removed 0)
Kept 0 rows with NaT dates
No client filter applied (showing all clients)
Final filtered shape: (4762, 39)
============================================================

============================================================
TIMESTAMP: 2026-02-05 12:20:15.827826
Input df shape: (4962, 39)
Date range: (datetime.date(2025, 12, 1), datetime.date(2026, 2, 4))
Selected clients: []
After copy: (4962, 39)
Date column type: datetime64[ns]
Non-null dates: 4962
Min date: 2025-12-01 00:00:00
Max date: 2026-02-04 00:00:00
Date filter range: 2025-12-01 to 2026-02-04
Data date range: 2025-12-01 00:00:00 to 2026-02-04 00:00:00
After date filter: 4962 rows (removed 0)
Kept 0 rows with NaT dates
No client filter applied (showing all clients)
Final filtered shape: (4962, 39)
============================================================

============================================================
TIMESTAMP: 2026-02-05 12:20:16.869753
Input df shape: (4962, 39)
Date range: (datetime.date(2025, 12, 1), datetime.date(2026, 2, 4))
Selected clients: []
After copy: (4962, 39)
Date column type: datetime64[ns]
Non-null dates: 4962
Min date: 2025-12-01 00:00:00
Max date: 2026-02-04 00:00:00
Date filter range: 2025-12-01 to 2026-02-04
Data date range: 2025-12-01 00:00:00 to 2026-02-04 00:00:00
After date filter: 4962 rows (removed 0)
Kept 0 rows with NaT dates
No client filter applied (showing all clients)
Final filtered shape: (4962, 39)
============================================================

============================================================
TIMESTAMP: 2026-02-05 12:20:17.027318
Input df shape: (4962, 39)
Date range: (datetime.date(2025, 12, 1), datetime.date(2026, 2, 4))
Selected clients: []
After copy: (4962, 39)
Date column type: datetime64[ns]
Non-null dates: 4962
Min date: 2025-12-01 00:00:00
Max date: 2026-02-04 00:00:00
Date filter range: 2025-12-01 to 2026-02-04
Data date range: 2025-12-01 00:00:00 to 2026-02-04 00:00:00
After date filter: 4962 rows (removed 0)
Kept 0 rows with NaT dates
No client filter applied (showing all clients)
Final filtered shape: (4962, 39)
============================================================

============================================================
TIMESTAMP: 2026-02-05 12:20:17.117235
Input df shape: (4962, 39)
Date range: (datetime.date(2025, 12, 1), datetime.date(2026, 2, 4))
Selected clients: []
After copy: (4962, 39)
Date column type: datetime64[ns]
Non-null dates: 4962
Min date: 2025-12-01 00:00:00
Max date: 2026-02-04 00:00:00
Date filter range: 2025-12-01 to 2026-02-04
Data date range: 2025-12-01 00:00:00 to 2026-02-04 00:00:00
After date filter: 4962 rows (removed 0)
Kept 0 rows with NaT dates
No client filter applied (showing all clients)
Final filtered shape: (4962, 39)
============================================================

============================================================
TIMESTAMP: 2026-02-05 12:20:17.175295
Input df shape: (4962, 39)
Date range: (datetime.date(2025, 12, 1), datetime.date(2026, 2, 4))
Selected clients: []
After copy: (4962, 39)
Date column type: datetime64[ns]
Non-null dates: 4962
Min date: 2025-12-01 00:00:00
Max date: 2026-02-04 00:00:00
Date filter range: 2025-12-01 to 2026-02-04
Data date range: 2025-12-01 00:00:00 to 2026-02-04 00:00:00
After date filter: 4962 rows (removed 0)
Kept 0 rows with NaT dates
No client filter applied (showing all clients)
Final filtered shape: (4962, 39)
============================================================

============================================================
TIMESTAMP: 2026-02-05 12:33:46.212195
Input df shape: (4962, 39)
Date range: (datetime.date(2025, 12, 1), datetime.date(2026, 2, 4))
Selected clients: []
After copy: (4962, 39)
Date column type: datetime64[ns]
Non-null dates: 4962
Min date: 2025-12-01 00:00:00
Max date: 2026-02-04 00:00:00
Date filter range: 2025-12-01 to 2026-02-04
Data date range: 2025-12-01 00:00:00 to 2026-02-04 00:00:00
After date filter: 4962 rows (removed 0)
Kept 0 rows with NaT dates
No client filter applied (showing all clients)
Final filtered shape: (4962, 39)
============================================================

============================================================
TIMESTAMP: 2026-02-05 12:33:57.427787
Input df shape: (9724, 39)
Date range: (datetime.date(2025, 12, 1), datetime.date(2026, 2, 4))
Selected clients: []
After copy: (9724, 39)
Date column type: datetime64[ns]
Non-null dates: 9724
Min date: 2025-12-01 00:00:00
Max date: 2026-02-04 00:00:00
Date filter range: 2025-12-01 to 2026-02-04
Data date range: 2025-12-01 00:00:00 to 2026-02-04 00:00:00
After date filter: 9724 rows (removed 0)
Kept 0 rows with NaT dates
No client filter applied (showing all clients)
Final filtered shape: (9724, 39)
============================================================

============================================================
TIMESTAMP: 2026-02-05 12:33:58.613498
Input df shape: (9724, 39)
Date range: (datetime.date(2025, 12, 1), datetime.date(2026, 2, 4))
Selected clients: []
After copy: (9724, 39)
Date column type: datetime64[ns]
Non-null dates: 9724
Min date: 2025-12-01 00:00:00
Max date: 2026-02-04 00:00:00
Date filter range: 2025-12-01 to 2026-02-04
Data date range: 2025-12-01 00:00:00 to 2026-02-04 00:00:00
After date filter: 9724 rows (removed 0)
Kept 0 rows with NaT dates
No client filter applied (showing all clients)
Final filtered shape: (9724, 39)
============================================================

============================================================
TIMESTAMP: 2026-02-05 12:33:58.648718
Input df shape: (9724, 39)
Date range: (datetime.date(2025, 12, 1), datetime.date(2026, 2, 4))
Selected clients: []
After copy: (9724, 39)
Date column type: datetime64[ns]
Non-null dates: 9724
Min date: 2025-12-01 00:00:00
Max date: 2026-02-04 00:00:00
Date filter range: 2025-12-01 to 2026-02-04
Data date range: 2025-12-01 00:00:00 to 2026-02-04 00:00:00
After date filter: 9724 rows (removed 0)
Kept 0 rows with NaT dates
No client filter applied (showing all clients)
Final filtered shape: (9724, 39)
============================================================

============================================================
TIMESTAMP: 2026-02-05 12:33:58.689411
Input df shape: (9724, 39)
Date range: (datetime.date(2025, 12, 1), datetime.date(2026, 2, 4))
Selected clients: []
After copy: (9724, 39)
Date column type: datetime64[ns]
Non-null dates: 9724
Min date: 2025-12-01 00:00:00
Max date: 2026-02-04 00:00:00
Date filter range: 2025-12-01 to 2026-02-04
Data date range: 2025-12-01 00:00:00 to 2026-02-04 00:00:00
After date filter: 9724 rows (removed 0)
Kept 0 rows with NaT dates
No client filter applied (showing all clients)
Final filtered shape: (9724, 39)
============================================================

============================================================
TIMESTAMP: 2026-02-05 12:33:58.811018
Input df shape: (9724, 39)
Date range: (datetime.date(2025, 12, 1), datetime.date(2026, 2, 4))
Selected clients: []
After copy: (9724, 39)
Date column type: datetime64[ns]
Non-null dates: 9724
Min date: 2025-12-01 00:00:00
Max date: 2026-02-04 00:00:00
Date filter range: 2025-12-01 to 2026-02-04
Data date range: 2025-12-01 00:00:00 to 2026-02-04 00:00:00
After date filter: 9724 rows (removed 0)
Kept 0 rows with NaT dates
No client filter applied (showing all clients)
Final filtered shape: (9724, 39)
============================================================

============================================================
TIMESTAMP: 2026-02-05 12:38:46.479430
Input df shape: (9724, 39)
Date range: (datetime.date(2025, 12, 1), datetime.date(2026, 2, 4))
Selected clients: []
After copy: (9724, 39)
Date column type: datetime64[ns]
Non-null dates: 9724
Min date: 2025-12-01 00:00:00
Max date: 2026-02-04 00:00:00
Date filter range: 2025-12-01 to 2026-02-04
Data date range: 2025-12-01 00:00:00 to 2026-02-04 00:00:00
After date filter: 9724 rows (removed 0)
Kept 0 rows with NaT dates
No client filter applied (showing all clients)
Final filtered shape: (9724, 39)
============================================================

============================================================
TIMESTAMP: 2026-02-05 12:38:47.291528
Input df shape: (9724, 39)
Date range: (datetime.date(2025, 12, 1), datetime.date(2026, 2, 4))
Selected clients: []
After copy: (9724, 39)
Date column type: datetime64[ns]
Non-null dates: 9724
Min date: 2025-12-01 00:00:00
Max date: 2026-02-04 00:00:00
Date filter range: 2025-12-01 to 2026-02-04
Data date range: 2025-12-01 00:00:00 to 2026-02-04 00:00:00
After date filter: 9724 rows (removed 0)
Kept 0 rows with NaT dates
No client filter applied (showing all clients)
Final filtered shape: (9724, 39)
============================================================

============================================================
TIMESTAMP: 2026-02-05 12:38:47.343792
Input df shape: (9724, 39)
Date range: (datetime.date(2025, 12, 1), datetime.date(2026, 2, 4))
Selected clients: []
After copy: (9724, 39)
Date column type: datetime64[ns]
Non-null dates: 9724
Min date: 2025-12-01 00:00:00
Max date: 2026-02-04 00:00:00
Date filter range: 2025-12-01 to 2026-02-04
Data date range: 2025-12-01 00:00:00 to 2026-02-04 00:00:00
After date filter: 9724 rows (removed 0)
Kept 0 rows with NaT dates
No client filter applied (showing all clients)
Final filtered shape: (9724, 39)
============================================================

============================================================
TIMESTAMP: 2026-02-05 12:38:47.413354
Input df shape: (9724, 39)
Date range: (datetime.date(2025, 12, 1), datetime.date(2026, 2, 4))
Selected clients: []
After copy: (9724, 39)
Date column type: datetime64[ns]
Non-null dates: 9724
Min date: 2025-12-01 00:00:00
Max date: 2026-02-04 00:00:00
Date filter range: 2025-12-01 to 2026-02-04
Data date range: 2025-12-01 00:00:00 to 2026-02-04 00:00:00
After date filter: 9724 rows (removed 0)
Kept 0 rows with NaT dates
No client filter applied (showing all clients)
Final filtered shape: (9724, 39)
============================================================

============================================================
TIMESTAMP: 2026-02-05 12:38:47.542262
Input df shape: (9724, 39)
Date range: (datetime.date(2025, 12, 1), datetime.date(2026, 2, 4))
Selected clients: []
After copy: (9724, 39)
Date column type: datetime64[ns]
Non-null dates: 9724
Min date: 2025-12-01 00:00:00
Max date: 2026-02-04 00:00:00
Date filter range: 2025-12-01 to 2026-02-04
Data date range: 2025-12-01 00:00:00 to 2026-02-04 00:00:00
After date filter: 9724 rows (removed 0)
Kept 0 rows with NaT dates
No client filter applied (showing all clients)
Final filtered shape: (9724, 39)
============================================================

============================================================
TIMESTAMP: 2026-02-05 12:42:41.286528
Input df shape: (9724, 39)
Date range: (datetime.date(2025, 12, 1), datetime.date(2026, 2, 4))
Selected clients: []
After copy: (9724, 39)
Date column type: datetime64[ns]
Non-null dates: 9724
Min date: 2025-12-01 00:00:00
Max date: 2026-02-04 00:00:00
Date filter range: 2025-12-01 to 2026-02-04
Data date range: 2025-12-01 00:00:00 to 2026-02-04 00:00:00
After date filter: 9724 rows (removed 0)
Kept 0 rows with NaT dates
No client filter applied (showing all clients)
Final filtered shape: (9724, 39)
============================================================

============================================================
TIMESTAMP: 2026-02-05 12:42:42.037503
Input df shape: (9724, 39)
Date range: (datetime.date(2025, 12, 1), datetime.date(2026, 2, 4))
Selected clients: []
After copy: (9724, 39)
Date column type: datetime64[ns]
Non-null dates: 9724
Min date: 2025-12-01 00:00:00
Max date: 2026-02-04 00:00:00
Date filter range: 2025-12-01 to 2026-02-04
Data date range: 2025-12-01 00:00:00 to 2026-02-04 00:00:00
After date filter: 9724 rows (removed 0)
Kept 0 rows with NaT dates
No client filter applied (showing all clients)
Final filtered shape: (9724, 39)
============================================================

============================================================
TIMESTAMP: 2026-02-05 12:42:42.080556
Input df shape: (9724, 39)
Date range: (datetime.date(2025, 12, 1), datetime.date(2026, 2, 4))
Selected clients: []
After copy: (9724, 39)
Date column type: datetime64[ns]
Non-null dates: 9724
Min date: 2025-12-01 00:00:00
Max date: 2026-02-04 00:00:00
Date filter range: 2025-12-01 to 2026-02-04
Data date range: 2025-12-01 00:00:00 to 2026-02-04 00:00:00
After date filter: 9724 rows (removed 0)
Kept 0 rows with NaT dates
No client filter applied (showing all clients)
Final filtered shape: (9724, 39)
============================================================

============================================================
TIMESTAMP: 2026-02-05 12:42:42.161700
Input df shape: (9724, 39)
Date range: (datetime.date(2025, 12, 1), datetime.date(2026, 2, 4))
Selected clients: []
After copy: (9724, 39)
Date column type: datetime64[ns]
Non-null dates: 9724
Min date: 2025-12-01 00:00:00
Max date: 2026-02-04 00:00:00
Date filter range: 2025-12-01 to 2026-02-04
Data date range: 2025-12-01 00:00:00 to 2026-02-04 00:00:00
After date filter: 9724 rows (removed 0)
Kept 0 rows with NaT dates
No client filter applied (showing all clients)
Final filtered shape: (9724, 39)
============================================================

============================================================
TIMESTAMP: 2026-02-05 12:42:42.270759
Input df shape: (9724, 39)
Date range: (datetime.date(2025, 12, 1), datetime.date(2026, 2, 4))
Selected clients: []
After copy: (9724, 39)
Date column type: datetime64[ns]
Non-null dates: 9724
Min date: 2025-12-01 00:00:00
Max date: 2026-02-04 00:00:00
Date filter range: 2025-12-01 to 2026-02-04
Data date range: 2025-12-01 00:00:00 to 2026-02-04 00:00:00
After date filter: 9724 rows (removed 0)
Kept 0 rows with NaT dates
No client filter applied (showing all clients)
Final filtered shape: (9724, 39)
============================================================

============================================================
TIMESTAMP: 2026-02-05 12:42:43.462710
Input df shape: (9724, 39)
Date range: (datetime.date(2025, 12, 1), datetime.date(2026, 2, 4))
Selected clients: []
After copy: (9724, 39)
Date column type: datetime64[ns]
Non-null dates: 9724
Min date: 2025-12-01 00:00:00
Max date: 2026-02-04 00:00:00
Date filter range: 2025-12-01 to 2026-02-04
Data date range: 2025-12-01 00:00:00 to 2026-02-04 00:00:00
After date filter: 9724 rows (removed 0)
Kept 0 rows with NaT dates
No client filter applied (showing all clients)
Final filtered shape: (9724, 39)
============================================================

============================================================
TIMESTAMP: 2026-02-05 12:42:45.781080
Input df shape: (9724, 39)
Date range: (datetime.date(2025, 12, 1), datetime.date(2026, 2, 4))
Selected clients: []
After copy: (9724, 39)
Date column type: datetime64[ns]
Non-null dates: 9724
Min date: 2025-12-01 00:00:00
Max date: 2026-02-04 00:00:00
Date filter range: 2025-12-01 to 2026-02-04
Data date range: 2025-12-01 00:00:00 to 2026-02-04 00:00:00
After date filter: 9724 rows (removed 0)
Kept 0 rows with NaT dates
No client filter applied (showing all clients)
Final filtered shape: (9724, 39)
============================================================

============================================================
TIMESTAMP: 2026-02-05 12:42:46.003939
Input df shape: (9724, 39)
Date range: (datetime.date(2025, 12, 1), datetime.date(2026, 2, 4))
Selected clients: []
After copy: (9724, 39)
Date column type: datetime64[ns]
Non-null dates: 9724
Min date: 2025-12-01 00:00:00
Max date: 2026-02-04 00:00:00
Date filter range: 2025-12-01 to 2026-02-04
Data date range: 2025-12-01 00:00:00 to 2026-02-04 00:00:00
After date filter: 9724 rows (removed 0)
Kept 0 rows with NaT dates
No client filter applied (showing all clients)
Final filtered shape: (9724, 39)
============================================================

============================================================
TIMESTAMP: 2026-02-05 12:42:46.205470
Input df shape: (9724, 39)
Date range: (datetime.date(2025, 12, 1), datetime.date(2026, 2, 4))
Selected clients: []
After copy: (9724, 39)
Date column type: datetime64[ns]
Non-null dates: 9724
Min date: 2025-12-01 00:00:00
Max date: 2026-02-04 00:00:00
Date filter range: 2025-12-01 to 2026-02-04
Data date range: 2025-12-01 00:00:00 to 2026-02-04 00:00:00
After date filter: 9724 rows (removed 0)
Kept 0 rows with NaT dates
No client filter applied (showing all clients)
Final filtered shape: (9724, 39)
============================================================

============================================================
TIMESTAMP: 2026-02-05 12:42:46.656232
Input df shape: (9724, 39)
Date range: (datetime.date(2025, 12, 1), datetime.date(2026, 2, 4))
Selected clients: []
After copy: (9724, 39)
Date column type: datetime64[ns]
Non-null dates: 9724
Min date: 2025-12-01 00:00:00
Max date: 2026-02-04 00:00:00
Date filter range: 2025-12-01 to 2026-02-04
Data date range: 2025-12-01 00:00:00 to 2026-02-04 00:00:00
After date filter: 9724 rows (removed 0)
Kept 0 rows with NaT dates
No client filter applied (showing all clients)
Final filtered shape: (9724, 39)
============================================================

============================================================
TIMESTAMP: 2026-02-05 12:46:02.733398
Input df shape: (9724, 39)
Date range: (datetime.date(2025, 12, 1), datetime.date(2026, 2, 4))
Selected clients: []
After copy: (9724, 39)
Date column type: datetime64[ns]
Non-null dates: 9724
Min date: 2025-12-01 00:00:00
Max date: 2026-02-04 00:00:00
Date filter range: 2025-12-01 to 2026-02-04
Data date range: 2025-12-01 00:00:00 to 2026-02-04 00:00:00
After date filter: 9724 rows (removed 0)
Kept 0 rows with NaT dates
No client filter applied (showing all clients)
Final filtered shape: (9724, 39)
============================================================

============================================================
TIMESTAMP: 2026-02-05 12:46:03.701609
Input df shape: (9724, 39)
Date range: (datetime.date(2025, 12, 1), datetime.date(2026, 2, 4))
Selected clients: []
After copy: (9724, 39)
Date column type: datetime64[ns]
Non-null dates: 9724
Min date: 2025-12-01 00:00:00
Max date: 2026-02-04 00:00:00
Date filter range: 2025-12-01 to 2026-02-04
Data date range: 2025-12-01 00:00:00 to 2026-02-04 00:00:00
After date filter: 9724 rows (removed 0)
Kept 0 rows with NaT dates
No client filter applied (showing all clients)
Final filtered shape: (9724, 39)
============================================================

============================================================
TIMESTAMP: 2026-02-05 12:46:03.758481
Input df shape: (9724, 39)
Date range: (datetime.date(2025, 12, 1), datetime.date(2026, 2, 4))
Selected clients: []
After copy: (9724, 39)
Date column type: datetime64[ns]
Non-null dates: 9724
Min date: 2025-12-01 00:00:00
Max date: 2026-02-04 00:00:00
Date filter range: 2025-12-01 to 2026-02-04
Data date range: 2025-12-01 00:00:00 to 2026-02-04 00:00:00
After date filter: 9724 rows (removed 0)
Kept 0 rows with NaT dates
No client filter applied (showing all clients)
Final filtered shape: (9724, 39)
============================================================

============================================================
TIMESTAMP: 2026-02-05 12:46:03.859304
Input df shape: (9724, 39)
Date range: (datetime.date(2025, 12, 1), datetime.date(2026, 2, 4))
Selected clients: []
After copy: (9724, 39)
Date column type: datetime64[ns]
Non-null dates: 9724
Min date: 2025-12-01 00:00:00
Max date: 2026-02-04 00:00:00
Date filter range: 2025-12-01 to 2026-02-04
Data date range: 2025-12-01 00:00:00 to 2026-02-04 00:00:00
After date filter: 9724 rows (removed 0)
Kept 0 rows with NaT dates
No client filter applied (showing all clients)
Final filtered shape: (9724, 39)
============================================================

============================================================
TIMESTAMP: 2026-02-05 12:46:04.020777
Input df shape: (9724, 39)
Date range: (datetime.date(2025, 12, 1), datetime.date(2026, 2, 4))
Selected clients: []
After copy: (9724, 39)
Date column type: datetime64[ns]
Non-null dates: 9724
Min date: 2025-12-01 00:00:00
Max date: 2026-02-04 00:00:00
Date filter range: 2025-12-01 to 2026-02-04
Data date range: 2025-12-01 00:00:00 to 2026-02-04 00:00:00
After date filter: 9724 rows (removed 0)
Kept 0 rows with NaT dates
No client filter applied (showing all clients)
Final filtered shape: (9724, 39)
============================================================

============================================================
TIMESTAMP: 2026-02-05 12:46:19.574497
Input df shape: (15147, 74)
Date range: (datetime.date(2025, 12, 1), datetime.date(2026, 2, 4))
Selected clients: []
After copy: (15147, 74)
Date column type: datetime64[ns]
Non-null dates: 15147
Min date: 2025-12-01 00:00:00
Max date: 2026-02-04 00:00:00
Date filter range: 2025-12-01 to 2026-02-04
Data date range: 2025-12-01 00:00:00 to 2026-02-04 00:00:00
After date filter: 15147 rows (removed 0)
Kept 0 rows with NaT dates
No client filter applied (showing all clients)
Final filtered shape: (15147, 74)
============================================================

============================================================
TIMESTAMP: 2026-02-05 12:46:20.834372
Input df shape: (15147, 74)
Date range: (datetime.date(2025, 12, 1), datetime.date(2026, 2, 4))
Selected clients: []
After copy: (15147, 74)
Date column type: datetime64[ns]
Non-null dates: 15147
Min date: 2025-12-01 00:00:00
Max date: 2026-02-04 00:00:00
Date filter range: 2025-12-01 to 2026-02-04
Data date range: 2025-12-01 00:00:00 to 2026-02-04 00:00:00
After date filter: 15147 rows (removed 0)
Kept 0 rows with NaT dates
No client filter applied (showing all clients)
Final filtered shape: (15147, 74)
============================================================

============================================================
TIMESTAMP: 2026-02-05 12:46:20.929497
Input df shape: (15147, 74)
Date range: (datetime.date(2025, 12, 1), datetime.date(2026, 2, 4))
Selected clients: []
After copy: (15147, 74)
Date column type: datetime64[ns]
Non-null dates: 15147
Min date: 2025-12-01 00:00:00
Max date: 2026-02-04 00:00:00
Date filter range: 2025-12-01 to 2026-02-04
Data date range: 2025-12-01 00:00:00 to 2026-02-04 00:00:00
After date filter: 15147 rows (removed 0)
Kept 0 rows with NaT dates
No client filter applied (showing all clients)
Final filtered shape: (15147, 74)
============================================================

============================================================
TIMESTAMP: 2026-02-05 12:46:21.071796
Input df shape: (15147, 74)
Date range: (datetime.date(2025, 12, 1), datetime.date(2026, 2, 4))
Selected clients: []
After copy: (15147, 74)
Date column type: datetime64[ns]
Non-null dates: 15147
Min date: 2025-12-01 00:00:00
Max date: 2026-02-04 00:00:00
Date filter range: 2025-12-01 to 2026-02-04
Data date range: 2025-12-01 00:00:00 to 2026-02-04 00:00:00
After date filter: 15147 rows (removed 0)
Kept 0 rows with NaT dates
No client filter applied (showing all clients)
Final filtered shape: (15147, 74)
============================================================

============================================================
TIMESTAMP: 2026-02-05 12:46:21.204040
Input df shape: (15147, 74)
Date range: (datetime.date(2025, 12, 1), datetime.date(2026, 2, 4))
Selected clients: []
After copy: (15147, 74)
Date column type: datetime64[ns]
Non-null dates: 15147
Min date: 2025-12-01 00:00:00
Max date: 2026-02-04 00:00:00
Date filter range: 2025-12-01 to 2026-02-04
Data date range: 2025-12-01 00:00:00 to 2026-02-04 00:00:00
After date filter: 15147 rows (removed 0)
Kept 0 rows with NaT dates
No client filter applied (showing all clients)
Final filtered shape: (15147, 74)
============================================================
